"LEGO element ID","Used in build","Printed inventory","Unused","Booklet","PDF page","Source PDF"
"614101","5","5","0","6257444","316","https://www.lego.com/cdn/product-assets/product.bi.core.pdf/6257444.pdf#page=316"
"6177114","23","23","0","6257444","316","https://www.lego.com/cdn/product-assets/product.bi.core.pdf/6257444.pdf#page=316"
"302401","2","2","0","6257444","316","https://www.lego.com/cdn/product-assets/product.bi.core.pdf/6257444.pdf#page=316"
"4544140","2","2","0","6257444","316","https://www.lego.com/cdn/product-assets/product.bi.core.pdf/6257444.pdf#page=316"
"6057414","2","2","0","6257444","316","https://www.lego.com/cdn/product-assets/product.bi.core.pdf/6257444.pdf#page=316"
"302301","2","2","0","6257444","316","https://www.lego.com/cdn/product-assets/product.bi.core.pdf/6257444.pdf#page=316"
"6198486","1","1","0","6257444","316","https://www.lego.com/cdn/product-assets/product.bi.core.pdf/6257444.pdf#page=316"
"6100932","8","8","0","6257444","316","https://www.lego.com/cdn/product-assets/product.bi.core.pdf/6257444.pdf#page=316"
"362301","2","2","0","6257444","316","https://www.lego.com/cdn/product-assets/product.bi.core.pdf/6257444.pdf#page=316"
"6225597","1","1","0","6257444","316","https://www.lego.com/cdn/product-assets/product.bi.core.pdf/6257444.pdf#page=316"
"371001","2","2","0","6257444","316","https://www.lego.com/cdn/product-assets/product.bi.core.pdf/6257444.pdf#page=316"
"6104805","2","2","0","6257444","316","https://www.lego.com/cdn/product-assets/product.bi.core.pdf/6257444.pdf#page=316"
"4565452","7","7","0","6257444","316","https://www.lego.com/cdn/product-assets/product.bi.core.pdf/6257444.pdf#page=316"
"6013938","2","2","0","6257444","316","https://www.lego.com/cdn/product-assets/product.bi.core.pdf/6257444.pdf#page=316"
"6013937","9","9","0","6257444","316","https://www.lego.com/cdn/product-assets/product.bi.core.pdf/6257444.pdf#page=316"
"4666579","1","1","0","6257444","316","https://www.lego.com/cdn/product-assets/product.bi.core.pdf/6257444.pdf#page=316"
"6084724","7","7","0","6257444","316","https://www.lego.com/cdn/product-assets/product.bi.core.pdf/6257444.pdf#page=316"
"4514554","10","10","0","6257444","316","https://www.lego.com/cdn/product-assets/product.bi.core.pdf/6257444.pdf#page=316"
"4666999","9","9","0","6257444","316","https://www.lego.com/cdn/product-assets/product.bi.core.pdf/6257444.pdf#page=316"
"6022752","2","2","0","6257444","316","https://www.lego.com/cdn/product-assets/product.bi.core.pdf/6257444.pdf#page=316"
"4186678","1","1","0","6257444","316","https://www.lego.com/cdn/product-assets/product.bi.core.pdf/6257444.pdf#page=316"
"6022750","2","2","0","6257444","316","https://www.lego.com/cdn/product-assets/product.bi.core.pdf/6257444.pdf#page=316"
"4142865","60","60","0","6257444","316","https://www.lego.com/cdn/product-assets/product.bi.core.pdf/6257444.pdf#page=316"
"6099696","1","1","0","6257444","316","https://www.lego.com/cdn/product-assets/product.bi.core.pdf/6257444.pdf#page=316"
"6100930","11","11","0","6257444","316","https://www.lego.com/cdn/product-assets/product.bi.core.pdf/6257444.pdf#page=316"
"4513174","8","8","0","6257444","316","https://www.lego.com/cdn/product-assets/product.bi.core.pdf/6257444.pdf#page=316"
"6168634","4","4","0","6257444","316","https://www.lego.com/cdn/product-assets/product.bi.core.pdf/6257444.pdf#page=316"
"6209519","84","84","0","6257444","316","https://www.lego.com/cdn/product-assets/product.bi.core.pdf/6257444.pdf#page=316"
"6130005","1","1","0","6257444","316","https://www.lego.com/cdn/product-assets/product.bi.core.pdf/6257444.pdf#page=316"
"6227560","1","1","0","6257444","316","https://www.lego.com/cdn/product-assets/product.bi.core.pdf/6257444.pdf#page=316"
"6203249","17","17","0","6257444","316","https://www.lego.com/cdn/product-assets/product.bi.core.pdf/6257444.pdf#page=316"
"4206482","171","171","0","6257444","316","https://www.lego.com/cdn/product-assets/product.bi.core.pdf/6257444.pdf#page=316"
"6224999","4","4","0","6257444","316","https://www.lego.com/cdn/product-assets/product.bi.core.pdf/6257444.pdf#page=316"
"6212141","4","4","0","6257444","316","https://www.lego.com/cdn/product-assets/product.bi.core.pdf/6257444.pdf#page=316"
"4514553","432","432","0","6257444","316","https://www.lego.com/cdn/product-assets/product.bi.core.pdf/6257444.pdf#page=316"
"362323","2","2","0","6257444","316","https://www.lego.com/cdn/product-assets/product.bi.core.pdf/6257444.pdf#page=316"
"371023","2","2","0","6257444","316","https://www.lego.com/cdn/product-assets/product.bi.core.pdf/6257444.pdf#page=316"
"4112874","1","1","0","6257444","316","https://www.lego.com/cdn/product-assets/product.bi.core.pdf/6257444.pdf#page=316"
"4239601","18","18","0","6257444","316","https://www.lego.com/cdn/product-assets/product.bi.core.pdf/6257444.pdf#page=316"
"4112203","16","16","0","6257444","316","https://www.lego.com/cdn/product-assets/product.bi.core.pdf/6257444.pdf#page=316"
"6211768","1","1","0","6257444","316","https://www.lego.com/cdn/product-assets/product.bi.core.pdf/6257444.pdf#page=316"
"4519010","6","6","0","6257444","316","https://www.lego.com/cdn/product-assets/product.bi.core.pdf/6257444.pdf#page=316"
"4187122","2","2","0","6257444","316","https://www.lego.com/cdn/product-assets/product.bi.core.pdf/6257444.pdf#page=316"
"4119474","6","6","0","6257444","316","https://www.lego.com/cdn/product-assets/product.bi.core.pdf/6257444.pdf#page=316"
"4203493","7","7","0","6257444","316","https://www.lego.com/cdn/product-assets/product.bi.core.pdf/6257444.pdf#page=316"
"6130007","35","35","0","6257444","316","https://www.lego.com/cdn/product-assets/product.bi.core.pdf/6257444.pdf#page=316"
"6037676","9","9","0","6257444","316","https://www.lego.com/cdn/product-assets/product.bi.core.pdf/6257444.pdf#page=316"
"4544151","1","2","1","6257444","316","https://www.lego.com/cdn/product-assets/product.bi.core.pdf/6257444.pdf#page=316"
"6130009","9","9","0","6257444","316","https://www.lego.com/cdn/product-assets/product.bi.core.pdf/6257444.pdf#page=316"
"4495934","1","1","0","6257444","316","https://www.lego.com/cdn/product-assets/product.bi.core.pdf/6257444.pdf#page=316"
"6186675","8","8","0","6257444","316","https://www.lego.com/cdn/product-assets/product.bi.core.pdf/6257444.pdf#page=316"
"4289538","2","2","0","6257444","316","https://www.lego.com/cdn/product-assets/product.bi.core.pdf/6257444.pdf#page=316"
"6121485","12","12","0","6257444","316","https://www.lego.com/cdn/product-assets/product.bi.core.pdf/6257444.pdf#page=316"
"6073231","30","30","0","6257444","316","https://www.lego.com/cdn/product-assets/product.bi.core.pdf/6257444.pdf#page=316"
"4107783","5","5","0","6257444","316","https://www.lego.com/cdn/product-assets/product.bi.core.pdf/6257444.pdf#page=316"
"6130002","10","10","0","6257444","316","https://www.lego.com/cdn/product-assets/product.bi.core.pdf/6257444.pdf#page=316"
"4107085","12","12","0","6257444","316","https://www.lego.com/cdn/product-assets/product.bi.core.pdf/6257444.pdf#page=316"
"307026","1","1","0","6257444","316","https://www.lego.com/cdn/product-assets/product.bi.core.pdf/6257444.pdf#page=316"
"6181720","1","1","0","6257444","316","https://www.lego.com/cdn/product-assets/product.bi.core.pdf/6257444.pdf#page=316"
"302426","2","2","0","6257444","316","https://www.lego.com/cdn/product-assets/product.bi.core.pdf/6257444.pdf#page=316"
"4107082","8","8","0","6257444","316","https://www.lego.com/cdn/product-assets/product.bi.core.pdf/6257444.pdf#page=316"
"4177431","8","8","0","6257444","316","https://www.lego.com/cdn/product-assets/product.bi.core.pdf/6257444.pdf#page=316"
"4184169","23","23","0","6257444","316","https://www.lego.com/cdn/product-assets/product.bi.core.pdf/6257444.pdf#page=316"
"4550017","4","4","0","6257444","316","https://www.lego.com/cdn/product-assets/product.bi.core.pdf/6257444.pdf#page=316"
"6181713","1","1","0","6257444","316","https://www.lego.com/cdn/product-assets/product.bi.core.pdf/6257444.pdf#page=316"
"4660886","4","4","0","6257444","316","https://www.lego.com/cdn/product-assets/product.bi.core.pdf/6257444.pdf#page=316"
"6022761","8","8","0","6257444","316","https://www.lego.com/cdn/product-assets/product.bi.core.pdf/6257444.pdf#page=316"
"6023036","8","8","0","6257444","316","https://www.lego.com/cdn/product-assets/product.bi.core.pdf/6257444.pdf#page=316"
"6070695","3","3","0","6257444","316","https://www.lego.com/cdn/product-assets/product.bi.core.pdf/6257444.pdf#page=316"
"4121715","677","684","7","6257444","316","https://www.lego.com/cdn/product-assets/product.bi.core.pdf/6257444.pdf#page=316"
"4107081","8","8","0","6257444","316","https://www.lego.com/cdn/product-assets/product.bi.core.pdf/6257444.pdf#page=316"
"4162857","2","2","0","6257444","316","https://www.lego.com/cdn/product-assets/product.bi.core.pdf/6257444.pdf#page=316"
"4512363","11","11","0","6257444","316","https://www.lego.com/cdn/product-assets/product.bi.core.pdf/6257444.pdf#page=316"
"6006140","46","46","0","6257444","316","https://www.lego.com/cdn/product-assets/product.bi.core.pdf/6257444.pdf#page=316"
"4144023","1","1","0","6257444","316","https://www.lego.com/cdn/product-assets/product.bi.core.pdf/6257444.pdf#page=316"
"3200026","10","10","0","6257444","316","https://www.lego.com/cdn/product-assets/product.bi.core.pdf/6257444.pdf#page=316"
"241226","40","40","0","6257444","316","https://www.lego.com/cdn/product-assets/product.bi.core.pdf/6257444.pdf#page=316"
"306926","1","1","0","6257444","316","https://www.lego.com/cdn/product-assets/product.bi.core.pdf/6257444.pdf#page=316"
"6192309","2","2","0","6257444","316","https://www.lego.com/cdn/product-assets/product.bi.core.pdf/6257444.pdf#page=316"
"302326","4","4","0","6257444","316","https://www.lego.com/cdn/product-assets/product.bi.core.pdf/6257444.pdf#page=316"
"6092585","3","3","0","6257444","316","https://www.lego.com/cdn/product-assets/product.bi.core.pdf/6257444.pdf#page=316"
"6000650","2","2","0","6257444","316","https://www.lego.com/cdn/product-assets/product.bi.core.pdf/6257444.pdf#page=316"
"4540065","2","2","0","6257444","316","https://www.lego.com/cdn/product-assets/product.bi.core.pdf/6257444.pdf#page=316"
"4563044","6","6","0","6257444","316","https://www.lego.com/cdn/product-assets/product.bi.core.pdf/6257444.pdf#page=316"
"4173970","64","64","0","6257444","316","https://www.lego.com/cdn/product-assets/product.bi.core.pdf/6257444.pdf#page=316"
"302226","1","1","0","6257444","316","https://www.lego.com/cdn/product-assets/product.bi.core.pdf/6257444.pdf#page=316"
"6089119","29","29","0","6257444","316","https://www.lego.com/cdn/product-assets/product.bi.core.pdf/6257444.pdf#page=316"
"6052126","1","1","0","6257444","316","https://www.lego.com/cdn/product-assets/product.bi.core.pdf/6257444.pdf#page=316"
"6007966","44","44","0","6257444","316","https://www.lego.com/cdn/product-assets/product.bi.core.pdf/6257444.pdf#page=316"
"362326","2","2","0","6257444","316","https://www.lego.com/cdn/product-assets/product.bi.core.pdf/6257444.pdf#page=316"
"428726","2","2","0","6257444","316","https://www.lego.com/cdn/product-assets/product.bi.core.pdf/6257444.pdf#page=316"
"4566251","1","1","0","6257444","316","https://www.lego.com/cdn/product-assets/product.bi.core.pdf/6257444.pdf#page=316"
"4566249","1","1","0","6257444","316","https://www.lego.com/cdn/product-assets/product.bi.core.pdf/6257444.pdf#page=316"
"370526","9","9","0","6257444","316","https://www.lego.com/cdn/product-assets/product.bi.core.pdf/6257444.pdf#page=316"
"4120017","35","35","0","6257444","316","https://www.lego.com/cdn/product-assets/product.bi.core.pdf/6257444.pdf#page=316"
"4613153","1","1","0","6257444","316","https://www.lego.com/cdn/product-assets/product.bi.core.pdf/6257444.pdf#page=316"
"371026","1","1","0","6257444","316","https://www.lego.com/cdn/product-assets/product.bi.core.pdf/6257444.pdf#page=316"
"4558692","1","1","0","6257444","316","https://www.lego.com/cdn/product-assets/product.bi.core.pdf/6257444.pdf#page=316"
"6174917","1","1","0","6257444","316","https://www.lego.com/cdn/product-assets/product.bi.core.pdf/6257444.pdf#page=316"
"6145859","2","2","0","6257444","317","https://www.lego.com/cdn/product-assets/product.bi.core.pdf/6257444.pdf#page=317"
"302026","4","4","0","6257444","317","https://www.lego.com/cdn/product-assets/product.bi.core.pdf/6257444.pdf#page=317"
"4142135","61","61","0","6257444","317","https://www.lego.com/cdn/product-assets/product.bi.core.pdf/6257444.pdf#page=317"
"4125213","1","1","0","6257444","317","https://www.lego.com/cdn/product-assets/product.bi.core.pdf/6257444.pdf#page=317"
"4558740","2","2","0","6257444","317","https://www.lego.com/cdn/product-assets/product.bi.core.pdf/6257444.pdf#page=317"
"4558775","2","2","0","6257444","317","https://www.lego.com/cdn/product-assets/product.bi.core.pdf/6257444.pdf#page=317"
"4629921","2","2","0","6257444","317","https://www.lego.com/cdn/product-assets/product.bi.core.pdf/6257444.pdf#page=317"
"6058118","1","1","0","6257444","317","https://www.lego.com/cdn/product-assets/product.bi.core.pdf/6257444.pdf#page=317"
"6029578","22","22","0","6257444","317","https://www.lego.com/cdn/product-assets/product.bi.core.pdf/6257444.pdf#page=317"
"370726","5","5","0","6257444","317","https://www.lego.com/cdn/product-assets/product.bi.core.pdf/6257444.pdf#page=317"
"6139205","1","1","0","6257444","317","https://www.lego.com/cdn/product-assets/product.bi.core.pdf/6257444.pdf#page=317"
"6150082","1","1","0","6257444","317","https://www.lego.com/cdn/product-assets/product.bi.core.pdf/6257444.pdf#page=317"
"4112282","16","16","0","6257444","317","https://www.lego.com/cdn/product-assets/product.bi.core.pdf/6257444.pdf#page=317"
"4111998","20","20","0","6257444","317","https://www.lego.com/cdn/product-assets/product.bi.core.pdf/6257444.pdf#page=317"
"4550190","2","2","0","6257444","317","https://www.lego.com/cdn/product-assets/product.bi.core.pdf/6257444.pdf#page=317"
"6016154","16","16","0","6257444","317","https://www.lego.com/cdn/product-assets/product.bi.core.pdf/6257444.pdf#page=317"
"273026","4","4","0","6257444","317","https://www.lego.com/cdn/product-assets/product.bi.core.pdf/6257444.pdf#page=317"
"6096955","2","2","0","6257444","317","https://www.lego.com/cdn/product-assets/product.bi.core.pdf/6257444.pdf#page=317"
"4566243","2","2","0","6257444","317","https://www.lego.com/cdn/product-assets/product.bi.core.pdf/6257444.pdf#page=317"
"4501290","2","2","0","6257444","317","https://www.lego.com/cdn/product-assets/product.bi.core.pdf/6257444.pdf#page=317"
"6214731","1","1","0","6257444","317","https://www.lego.com/cdn/product-assets/product.bi.core.pdf/6257444.pdf#page=317"
"6080356","7","7","0","6257444","317","https://www.lego.com/cdn/product-assets/product.bi.core.pdf/6257444.pdf#page=317"
"4540906","1","1","0","6257444","317","https://www.lego.com/cdn/product-assets/product.bi.core.pdf/6257444.pdf#page=317"
"6208345","1","1","0","6257444","317","https://www.lego.com/cdn/product-assets/product.bi.core.pdf/6257444.pdf#page=317"
"4495935","34","34","0","6257444","317","https://www.lego.com/cdn/product-assets/product.bi.core.pdf/6257444.pdf#page=317"
"6164383","2","2","0","6257444","317","https://www.lego.com/cdn/product-assets/product.bi.core.pdf/6257444.pdf#page=317"
"4542573","30","30","0","6257444","317","https://www.lego.com/cdn/product-assets/product.bi.core.pdf/6257444.pdf#page=317"
"6139227","4","4","0","6257444","317","https://www.lego.com/cdn/product-assets/product.bi.core.pdf/6257444.pdf#page=317"
"3000840","8","8","0","6257444","317","https://www.lego.com/cdn/product-assets/product.bi.core.pdf/6257444.pdf#page=317"
"6135092","3","3","0","6257444","317","https://www.lego.com/cdn/product-assets/product.bi.core.pdf/6257444.pdf#page=317"
"6173129","3","3","0","6257444","317","https://www.lego.com/cdn/product-assets/product.bi.core.pdf/6257444.pdf#page=317"
"6227330","2","2","0","6257444","317","https://www.lego.com/cdn/product-assets/product.bi.core.pdf/6257444.pdf#page=317"
"6143033","17","17","0","6257444","317","https://www.lego.com/cdn/product-assets/product.bi.core.pdf/6257444.pdf#page=317"
"6057878","2","2","0","6257444","317","https://www.lego.com/cdn/product-assets/product.bi.core.pdf/6257444.pdf#page=317"
"4661486","3","3","0","6257444","317","https://www.lego.com/cdn/product-assets/product.bi.core.pdf/6257444.pdf#page=317"
"6055172","2","2","0","6257444","317","https://www.lego.com/cdn/product-assets/product.bi.core.pdf/6257444.pdf#page=317"
"6133279","7","7","0","6257444","317","https://www.lego.com/cdn/product-assets/product.bi.core.pdf/6257444.pdf#page=317"
"6133278","7","7","0","6257444","317","https://www.lego.com/cdn/product-assets/product.bi.core.pdf/6257444.pdf#page=317"
"6135609","2","2","0","6257444","317","https://www.lego.com/cdn/product-assets/product.bi.core.pdf/6257444.pdf#page=317"
"6101254","10","10","0","6257444","317","https://www.lego.com/cdn/product-assets/product.bi.core.pdf/6257444.pdf#page=317"
"4528604","3","3","0","6257444","317","https://www.lego.com/cdn/product-assets/product.bi.core.pdf/6257444.pdf#page=317"
"4496699","1","1","0","6257444","317","https://www.lego.com/cdn/product-assets/product.bi.core.pdf/6257444.pdf#page=317"
"6047415","1","1","0","6257444","317","https://www.lego.com/cdn/product-assets/product.bi.core.pdf/6257444.pdf#page=317"
"6093038","16","16","0","6257444","317","https://www.lego.com/cdn/product-assets/product.bi.core.pdf/6257444.pdf#page=317"
"6132768","4","4","0","6257444","317","https://www.lego.com/cdn/product-assets/product.bi.core.pdf/6257444.pdf#page=317"
"6015452","8","8","0","6257444","317","https://www.lego.com/cdn/product-assets/product.bi.core.pdf/6257444.pdf#page=317"
"6035540","2","2","0","6257444","317","https://www.lego.com/cdn/product-assets/product.bi.core.pdf/6257444.pdf#page=317"
"6167936","1","1","0","6257444","317","https://www.lego.com/cdn/product-assets/product.bi.core.pdf/6257444.pdf#page=317"
"4626904","4","4","0","6257444","317","https://www.lego.com/cdn/product-assets/product.bi.core.pdf/6257444.pdf#page=317"
"4267874","4","4","0","6257444","317","https://www.lego.com/cdn/product-assets/product.bi.core.pdf/6257444.pdf#page=317"
"6220599","3","3","0","6257444","317","https://www.lego.com/cdn/product-assets/product.bi.core.pdf/6257444.pdf#page=317"
"6223319","8","8","0","6257444","317","https://www.lego.com/cdn/product-assets/product.bi.core.pdf/6257444.pdf#page=317"
"6219604","4","4","0","6257444","317","https://www.lego.com/cdn/product-assets/product.bi.core.pdf/6257444.pdf#page=317"
"6214811","3","3","0","6257444","317","https://www.lego.com/cdn/product-assets/product.bi.core.pdf/6257444.pdf#page=317"
"6214812","3","3","0","6257444","317","https://www.lego.com/cdn/product-assets/product.bi.core.pdf/6257444.pdf#page=317"
"6174857","6","6","0","6257444","317","https://www.lego.com/cdn/product-assets/product.bi.core.pdf/6257444.pdf#page=317"
"4529954","1","1","0","6257444","317","https://www.lego.com/cdn/product-assets/product.bi.core.pdf/6257444.pdf#page=317"
"4502091","1","1","0","6257444","317","https://www.lego.com/cdn/product-assets/product.bi.core.pdf/6257444.pdf#page=317"
"6174854","6","6","0","6257444","317","https://www.lego.com/cdn/product-assets/product.bi.core.pdf/6257444.pdf#page=317"
"6233765","22","22","0","6257444","317","https://www.lego.com/cdn/product-assets/product.bi.core.pdf/6257444.pdf#page=317"
"4528488","2","2","0","6257444","317","https://www.lego.com/cdn/product-assets/product.bi.core.pdf/6257444.pdf#page=317"
"6061569","1","1","0","6257444","317","https://www.lego.com/cdn/product-assets/product.bi.core.pdf/6257444.pdf#page=317"
"6217683","12","12","0","6257444","317","https://www.lego.com/cdn/product-assets/product.bi.core.pdf/6257444.pdf#page=317"
"6218005","2","2","0","6257444","318","https://www.lego.com/cdn/product-assets/product.bi.core.pdf/6257444.pdf#page=318"
"6174851","1","1","0","6257444","318","https://www.lego.com/cdn/product-assets/product.bi.core.pdf/6257444.pdf#page=318"
"6174850","1","1","0","6257444","318","https://www.lego.com/cdn/product-assets/product.bi.core.pdf/6257444.pdf#page=318"
"6218007","2","2","0","6257444","318","https://www.lego.com/cdn/product-assets/product.bi.core.pdf/6257444.pdf#page=318"
"6217682","6","6","0","6257444","318","https://www.lego.com/cdn/product-assets/product.bi.core.pdf/6257444.pdf#page=318"
"4502089","2","2","0","6257444","318","https://www.lego.com/cdn/product-assets/product.bi.core.pdf/6257444.pdf#page=318"
"6042956","2","2","0","6257444","318","https://www.lego.com/cdn/product-assets/product.bi.core.pdf/6257444.pdf#page=318"
"4508313","2","2","0","6257444","318","https://www.lego.com/cdn/product-assets/product.bi.core.pdf/6257444.pdf#page=318"
"6174849","2","2","0","6257444","318","https://www.lego.com/cdn/product-assets/product.bi.core.pdf/6257444.pdf#page=318"
"4507080","2","2","0","6257444","318","https://www.lego.com/cdn/product-assets/product.bi.core.pdf/6257444.pdf#page=318"
"6218115","6","6","0","6257444","318","https://www.lego.com/cdn/product-assets/product.bi.core.pdf/6257444.pdf#page=318"
"6217686","1","1","0","6257444","318","https://www.lego.com/cdn/product-assets/product.bi.core.pdf/6257444.pdf#page=318"
"6217689","2","2","0","6257444","318","https://www.lego.com/cdn/product-assets/product.bi.core.pdf/6257444.pdf#page=318"
"6217687","2","2","0","6257444","318","https://www.lego.com/cdn/product-assets/product.bi.core.pdf/6257444.pdf#page=318"
"6217685","1","1","0","6257444","318","https://www.lego.com/cdn/product-assets/product.bi.core.pdf/6257444.pdf#page=318"
"6225776","2","2","0","6257444","318","https://www.lego.com/cdn/product-assets/product.bi.core.pdf/6257444.pdf#page=318"
"6217673","10","10","0","6257444","318","https://www.lego.com/cdn/product-assets/product.bi.core.pdf/6257444.pdf#page=318"
"6151077","20","20","0","6257444","318","https://www.lego.com/cdn/product-assets/product.bi.core.pdf/6257444.pdf#page=318"
"6217976","4","4","0","6257444","318","https://www.lego.com/cdn/product-assets/product.bi.core.pdf/6257444.pdf#page=318"
"6151062","4","4","0","6257444","318","https://www.lego.com/cdn/product-assets/product.bi.core.pdf/6257444.pdf#page=318"
"6239904","6","6","0","6257444","318","https://www.lego.com/cdn/product-assets/product.bi.core.pdf/6257444.pdf#page=318"
"6225685","2","2","0","6257444","318","https://www.lego.com/cdn/product-assets/product.bi.core.pdf/6257444.pdf#page=318"
"6151070","10","10","0","6257444","318","https://www.lego.com/cdn/product-assets/product.bi.core.pdf/6257444.pdf#page=318"
"6217690","2","2","0","6257444","318","https://www.lego.com/cdn/product-assets/product.bi.core.pdf/6257444.pdf#page=318"
"6135494","18","18","0","6257444","318","https://www.lego.com/cdn/product-assets/product.bi.core.pdf/6257444.pdf#page=318"
"6159763","5","5","0","6257444","318","https://www.lego.com/cdn/product-assets/product.bi.core.pdf/6257444.pdf#page=318"
"6122217","4","4","0","6257444","318","https://www.lego.com/cdn/product-assets/product.bi.core.pdf/6257444.pdf#page=318"
"4542590","8","8","0","6257444","318","https://www.lego.com/cdn/product-assets/product.bi.core.pdf/6257444.pdf#page=318"
"6151688","1","1","0","6257444","318","https://www.lego.com/cdn/product-assets/product.bi.core.pdf/6257444.pdf#page=318"
"4560175","9","9","0","6257444","318","https://www.lego.com/cdn/product-assets/product.bi.core.pdf/6257444.pdf#page=318"
"4211550","7","7","0","6257444","318","https://www.lego.com/cdn/product-assets/product.bi.core.pdf/6257444.pdf#page=318"
"4211567","6","6","0","6257444","318","https://www.lego.com/cdn/product-assets/product.bi.core.pdf/6257444.pdf#page=318"
"4211483","63","63","0","6257444","318","https://www.lego.com/cdn/product-assets/product.bi.core.pdf/6257444.pdf#page=318"
"4211622","22","22","0","6257444","318","https://www.lego.com/cdn/product-assets/product.bi.core.pdf/6257444.pdf#page=318"
"6071229","2","2","0","6257444","318","https://www.lego.com/cdn/product-assets/product.bi.core.pdf/6257444.pdf#page=318"
"4521921","3","3","0","6257444","318","https://www.lego.com/cdn/product-assets/product.bi.core.pdf/6257444.pdf#page=318"
"4211758","1","1","0","6257444","318","https://www.lego.com/cdn/product-assets/product.bi.core.pdf/6257444.pdf#page=318"
"4211375","5","5","0","6257444","318","https://www.lego.com/cdn/product-assets/product.bi.core.pdf/6257444.pdf#page=318"
"4211741","15","15","0","6257444","318","https://www.lego.com/cdn/product-assets/product.bi.core.pdf/6257444.pdf#page=318"
"4211775","29","29","0","6257444","318","https://www.lego.com/cdn/product-assets/product.bi.core.pdf/6257444.pdf#page=318"
"6236920","1","1","0","6257444","318","https://www.lego.com/cdn/product-assets/product.bi.core.pdf/6257444.pdf#page=318"
"4211880","1","1","0","6257444","318","https://www.lego.com/cdn/product-assets/product.bi.core.pdf/6257444.pdf#page=318"
"6236922","1","1","0","6257444","318","https://www.lego.com/cdn/product-assets/product.bi.core.pdf/6257444.pdf#page=318"
"4211807","4","4","0","6257444","318","https://www.lego.com/cdn/product-assets/product.bi.core.pdf/6257444.pdf#page=318"
"4640536","16","16","0","6257444","318","https://www.lego.com/cdn/product-assets/product.bi.core.pdf/6257444.pdf#page=318"
"6123815","17","17","0","6257444","318","https://www.lego.com/cdn/product-assets/product.bi.core.pdf/6257444.pdf#page=318"
"4211551","4","4","0","6257444","318","https://www.lego.com/cdn/product-assets/product.bi.core.pdf/6257444.pdf#page=318"
"4211889","1","1","0","6257444","318","https://www.lego.com/cdn/product-assets/product.bi.core.pdf/6257444.pdf#page=318"
"4211629","10","10","0","6257444","318","https://www.lego.com/cdn/product-assets/product.bi.core.pdf/6257444.pdf#page=318"
"6051333","2","2","0","6257444","318","https://www.lego.com/cdn/product-assets/product.bi.core.pdf/6257444.pdf#page=318"
"6028813","4","4","0","6257444","318","https://www.lego.com/cdn/product-assets/product.bi.core.pdf/6257444.pdf#page=318"
"4211398","5","5","0","6257444","318","https://www.lego.com/cdn/product-assets/product.bi.core.pdf/6257444.pdf#page=318"
"6015344","1","1","0","6257444","318","https://www.lego.com/cdn/product-assets/product.bi.core.pdf/6257444.pdf#page=318"
"6196757","6","6","0","6257444","318","https://www.lego.com/cdn/product-assets/product.bi.core.pdf/6257444.pdf#page=318"
"4234251","16","16","0","6257444","318","https://www.lego.com/cdn/product-assets/product.bi.core.pdf/6257444.pdf#page=318"
"4296059","10","10","0","6257444","318","https://www.lego.com/cdn/product-assets/product.bi.core.pdf/6257444.pdf#page=318"
"4211356","3","3","0","6257444","318","https://www.lego.com/cdn/product-assets/product.bi.core.pdf/6257444.pdf#page=318"
"4525904","4","4","0","6257444","318","https://www.lego.com/cdn/product-assets/product.bi.core.pdf/6257444.pdf#page=318"
"4211489","2","2","0","6257444","318","https://www.lego.com/cdn/product-assets/product.bi.core.pdf/6257444.pdf#page=318"
"6000018","16","16","0","6257444","318","https://www.lego.com/cdn/product-assets/product.bi.core.pdf/6257444.pdf#page=318"
"6169984","2","2","0","6257444","318","https://www.lego.com/cdn/product-assets/product.bi.core.pdf/6257444.pdf#page=318"
"6093527","4","4","0","6257444","318","https://www.lego.com/cdn/product-assets/product.bi.core.pdf/6257444.pdf#page=318"
"4211865","79","79","0","6257444","318","https://www.lego.com/cdn/product-assets/product.bi.core.pdf/6257444.pdf#page=318"
"4552348","42","42","0","6257444","318","https://www.lego.com/cdn/product-assets/product.bi.core.pdf/6257444.pdf#page=318"
"4211621","10","10","0","6257444","318","https://www.lego.com/cdn/product-assets/product.bi.core.pdf/6257444.pdf#page=318"
"4211655","61","61","0","6257444","318","https://www.lego.com/cdn/product-assets/product.bi.core.pdf/6257444.pdf#page=318"
"4225033","4","4","0","6257444","318","https://www.lego.com/cdn/product-assets/product.bi.core.pdf/6257444.pdf#page=318"
"6029206","8","8","0","6257444","318","https://www.lego.com/cdn/product-assets/product.bi.core.pdf/6257444.pdf#page=318"
"6009019","4","4","0","6257444","318","https://www.lego.com/cdn/product-assets/product.bi.core.pdf/6257444.pdf#page=318"
"6055628","4","4","0","6257444","318","https://www.lego.com/cdn/product-assets/product.bi.core.pdf/6257444.pdf#page=318"
"4211639","21","21","0","6257444","318","https://www.lego.com/cdn/product-assets/product.bi.core.pdf/6257444.pdf#page=318"
"4211713","54","54","0","6257444","318","https://www.lego.com/cdn/product-assets/product.bi.core.pdf/6257444.pdf#page=318"
"4211651","5","5","0","6257444","318","https://www.lego.com/cdn/product-assets/product.bi.core.pdf/6257444.pdf#page=318"
"6055519","6","6","0","6257444","318","https://www.lego.com/cdn/product-assets/product.bi.core.pdf/6257444.pdf#page=318"
"4205761","2","2","0","6257444","318","https://www.lego.com/cdn/product-assets/product.bi.core.pdf/6257444.pdf#page=318"
"6221073","2","2","0","6257444","318","https://www.lego.com/cdn/product-assets/product.bi.core.pdf/6257444.pdf#page=318"
"4211549","2","2","0","6257444","318","https://www.lego.com/cdn/product-assets/product.bi.core.pdf/6257444.pdf#page=318"
"4160560","2","2","0","6257444","319","https://www.lego.com/cdn/product-assets/product.bi.core.pdf/6257444.pdf#page=319"
"4495930","6","6","0","6257444","319","https://www.lego.com/cdn/product-assets/product.bi.core.pdf/6257444.pdf#page=319"
"4514192","2","2","0","6257444","319","https://www.lego.com/cdn/product-assets/product.bi.core.pdf/6257444.pdf#page=319"
"4211425","2","2","0","6257444","319","https://www.lego.com/cdn/product-assets/product.bi.core.pdf/6257444.pdf#page=319"
"4211624","2","2","0","6257444","319","https://www.lego.com/cdn/product-assets/product.bi.core.pdf/6257444.pdf#page=319"
"4535768","1","1","0","6257444","319","https://www.lego.com/cdn/product-assets/product.bi.core.pdf/6257444.pdf#page=319"
"4211406","2","2","0","6257444","319","https://www.lego.com/cdn/product-assets/product.bi.core.pdf/6257444.pdf#page=319"
"6102449","15","15","0","6257444","319","https://www.lego.com/cdn/product-assets/product.bi.core.pdf/6257444.pdf#page=319"
"6037667","2","2","0","6257444","319","https://www.lego.com/cdn/product-assets/product.bi.core.pdf/6257444.pdf#page=319"
"4211374","1","1","0","6257444","319","https://www.lego.com/cdn/product-assets/product.bi.core.pdf/6257444.pdf#page=319"
"6227559","2","2","0","6257444","319","https://www.lego.com/cdn/product-assets/product.bi.core.pdf/6257444.pdf#page=319"
"6227567","1","1","0","6257444","319","https://www.lego.com/cdn/product-assets/product.bi.core.pdf/6257444.pdf#page=319"
"6012451","4","4","0","6257444","319","https://www.lego.com/cdn/product-assets/product.bi.core.pdf/6257444.pdf#page=319"
"6204668","4","4","0","6257444","319","https://www.lego.com/cdn/product-assets/product.bi.core.pdf/6257444.pdf#page=319"
"6204667","4","4","0","6257444","319","https://www.lego.com/cdn/product-assets/product.bi.core.pdf/6257444.pdf#page=319"
"6167900","4","4","0","6257444","319","https://www.lego.com/cdn/product-assets/product.bi.core.pdf/6257444.pdf#page=319"
"4611705","1","1","0","6257444","319","https://www.lego.com/cdn/product-assets/product.bi.core.pdf/6257444.pdf#page=319"
"4211360","1","1","0","6257444","319","https://www.lego.com/cdn/product-assets/product.bi.core.pdf/6257444.pdf#page=319"
"4522934","10","10","0","6257444","319","https://www.lego.com/cdn/product-assets/product.bi.core.pdf/6257444.pdf#page=319"
"4540797","1","1","0","6257444","319","https://www.lego.com/cdn/product-assets/product.bi.core.pdf/6257444.pdf#page=319"
"6112684","2","2","0","6257444","319","https://www.lego.com/cdn/product-assets/product.bi.core.pdf/6257444.pdf#page=319"
"6178172","1","1","0","6257444","319","https://www.lego.com/cdn/product-assets/product.bi.core.pdf/6257444.pdf#page=319"
"4278274","4","4","0","6257444","319","https://www.lego.com/cdn/product-assets/product.bi.core.pdf/6257444.pdf#page=319"
"4567887","9","9","0","6257444","319","https://www.lego.com/cdn/product-assets/product.bi.core.pdf/6257444.pdf#page=319"
"6100931","5","5","0","6257444","319","https://www.lego.com/cdn/product-assets/product.bi.core.pdf/6257444.pdf#page=319"
"6005331","2","2","0","6257444","319","https://www.lego.com/cdn/product-assets/product.bi.core.pdf/6257444.pdf#page=319"
"6029948","4","4","0","6257444","319","https://www.lego.com/cdn/product-assets/product.bi.core.pdf/6257444.pdf#page=319"
"4210660","4","4","0","6257444","319","https://www.lego.com/cdn/product-assets/product.bi.core.pdf/6257444.pdf#page=319"
"6133119","6","6","0","6257444","319","https://www.lego.com/cdn/product-assets/product.bi.core.pdf/6257444.pdf#page=319"
"6083620","17","17","0","6257444","319","https://www.lego.com/cdn/product-assets/product.bi.core.pdf/6257444.pdf#page=319"
"4648256","4","4","0","6257444","319","https://www.lego.com/cdn/product-assets/product.bi.core.pdf/6257444.pdf#page=319"
"4525184","2","2","0","6257444","319","https://www.lego.com/cdn/product-assets/product.bi.core.pdf/6257444.pdf#page=319"
"4211065","1","1","0","6257444","319","https://www.lego.com/cdn/product-assets/product.bi.core.pdf/6257444.pdf#page=319"
"6219840","4","4","0","6257444","319","https://www.lego.com/cdn/product-assets/product.bi.core.pdf/6257444.pdf#page=319"
"4508553","7","7","0","6257444","319","https://www.lego.com/cdn/product-assets/product.bi.core.pdf/6257444.pdf#page=319"
"4499858","4","4","0","6257444","319","https://www.lego.com/cdn/product-assets/product.bi.core.pdf/6257444.pdf#page=319"
"4210998","2","2","0","6257444","319","https://www.lego.com/cdn/product-assets/product.bi.core.pdf/6257444.pdf#page=319"
"4619636","6","6","0","6257444","319","https://www.lego.com/cdn/product-assets/product.bi.core.pdf/6257444.pdf#page=319"
"4653988","2","2","0","6257444","319","https://www.lego.com/cdn/product-assets/product.bi.core.pdf/6257444.pdf#page=319"
"6151668","4","4","0","6257444","319","https://www.lego.com/cdn/product-assets/product.bi.core.pdf/6257444.pdf#page=319"
"6225507","2","2","0","6257444","319","https://www.lego.com/cdn/product-assets/product.bi.core.pdf/6257444.pdf#page=319"
"6216110","6","6","0","6257444","319","https://www.lego.com/cdn/product-assets/product.bi.core.pdf/6257444.pdf#page=319"
"6163689","12","12","0","6257444","319","https://www.lego.com/cdn/product-assets/product.bi.core.pdf/6257444.pdf#page=319"
"6205089","2","2","0","6257444","319","https://www.lego.com/cdn/product-assets/product.bi.core.pdf/6257444.pdf#page=319"
"6027566","8","8","0","6257444","319","https://www.lego.com/cdn/product-assets/product.bi.core.pdf/6257444.pdf#page=319"
"6145416","1","1","0","6257444","319","https://www.lego.com/cdn/product-assets/product.bi.core.pdf/6257444.pdf#page=319"
"6145418","1","1","0","6257444","319","https://www.lego.com/cdn/product-assets/product.bi.core.pdf/6257444.pdf#page=319"
"6203233","1","1","0","6257444","319","https://www.lego.com/cdn/product-assets/product.bi.core.pdf/6257444.pdf#page=319"
"6217671","6","6","0","6257444","319","https://www.lego.com/cdn/product-assets/product.bi.core.pdf/6257444.pdf#page=319"
"6203232","1","1","0","6257444","319","https://www.lego.com/cdn/product-assets/product.bi.core.pdf/6257444.pdf#page=319"
"6151659","4","4","0","6257444","319","https://www.lego.com/cdn/product-assets/product.bi.core.pdf/6257444.pdf#page=319"
"6163674","2","2","0","6257444","319","https://www.lego.com/cdn/product-assets/product.bi.core.pdf/6257444.pdf#page=319"
"6163682","2","2","0","6257444","319","https://www.lego.com/cdn/product-assets/product.bi.core.pdf/6257444.pdf#page=319"
"6163684","2","2","0","6257444","319","https://www.lego.com/cdn/product-assets/product.bi.core.pdf/6257444.pdf#page=319"
"6163675","2","2","0","6257444","319","https://www.lego.com/cdn/product-assets/product.bi.core.pdf/6257444.pdf#page=319"
"6163687","4","4","0","6257444","319","https://www.lego.com/cdn/product-assets/product.bi.core.pdf/6257444.pdf#page=319"
"6211951","8","8","0","6257444","319","https://www.lego.com/cdn/product-assets/product.bi.core.pdf/6257444.pdf#page=319"
"6218010","1","1","0","6257444","319","https://www.lego.com/cdn/product-assets/product.bi.core.pdf/6257444.pdf#page=319"
"6163685","2","2","0","6257444","319","https://www.lego.com/cdn/product-assets/product.bi.core.pdf/6257444.pdf#page=319"
"6163686","2","2","0","6257444","319","https://www.lego.com/cdn/product-assets/product.bi.core.pdf/6257444.pdf#page=319"
"6218009","1","1","0","6257444","319","https://www.lego.com/cdn/product-assets/product.bi.core.pdf/6257444.pdf#page=319"
"6212057","2","2","0","6257444","319","https://www.lego.com/cdn/product-assets/product.bi.core.pdf/6257444.pdf#page=319"
"6220033","1","1","0","6257444","319","https://www.lego.com/cdn/product-assets/product.bi.core.pdf/6257444.pdf#page=319"
"6217670","2","2","0","6257444","319","https://www.lego.com/cdn/product-assets/product.bi.core.pdf/6257444.pdf#page=319"
"6218011","4","4","0","6257444","319","https://www.lego.com/cdn/product-assets/product.bi.core.pdf/6257444.pdf#page=319"
"6163691","9","9","0","6257444","319","https://www.lego.com/cdn/product-assets/product.bi.core.pdf/6257444.pdf#page=319"
"6214766","2","2","0","6257444","319","https://www.lego.com/cdn/product-assets/product.bi.core.pdf/6257444.pdf#page=319"
"6164336","2","2","0","6257444","319","https://www.lego.com/cdn/product-assets/product.bi.core.pdf/6257444.pdf#page=319"
"6211928","11","11","0","6257444","319","https://www.lego.com/cdn/product-assets/product.bi.core.pdf/6257444.pdf#page=319"