"Progress step","Section","Official step","Booklet","PDF pages","Official PDF"
"1","bag-1","1","6379206","10","https://www.lego.com/cdn/product-assets/product.bi.core.pdf/6379206.pdf#page=10"
"2","bag-1","2","6379206","11","https://www.lego.com/cdn/product-assets/product.bi.core.pdf/6379206.pdf#page=11"
"3","bag-1","3","6379206","12","https://www.lego.com/cdn/product-assets/product.bi.core.pdf/6379206.pdf#page=12"
"4","bag-1","4","6379206","12","https://www.lego.com/cdn/product-assets/product.bi.core.pdf/6379206.pdf#page=12"
"5","bag-1","5","6379206","13","https://www.lego.com/cdn/product-assets/product.bi.core.pdf/6379206.pdf#page=13"
"6","bag-1","6","6379206","13","https://www.lego.com/cdn/product-assets/product.bi.core.pdf/6379206.pdf#page=13"
"7","bag-1","7","6379206","14","https://www.lego.com/cdn/product-assets/product.bi.core.pdf/6379206.pdf#page=14"
"8","bag-1","8","6379206","14","https://www.lego.com/cdn/product-assets/product.bi.core.pdf/6379206.pdf#page=14"
"9","bag-1","9","6379206","15","https://www.lego.com/cdn/product-assets/product.bi.core.pdf/6379206.pdf#page=15"
"10","bag-1","10","6379206","16","https://www.lego.com/cdn/product-assets/product.bi.core.pdf/6379206.pdf#page=16"
"11","bag-1","11","6379206","17","https://www.lego.com/cdn/product-assets/product.bi.core.pdf/6379206.pdf#page=17"
"12","bag-1","12","6379206","17","https://www.lego.com/cdn/product-assets/product.bi.core.pdf/6379206.pdf#page=17"
"13","bag-1","13","6379206","18","https://www.lego.com/cdn/product-assets/product.bi.core.pdf/6379206.pdf#page=18"
"14","bag-1","14","6379206","18","https://www.lego.com/cdn/product-assets/product.bi.core.pdf/6379206.pdf#page=18"
"15","bag-1","15","6379206","19","https://www.lego.com/cdn/product-assets/product.bi.core.pdf/6379206.pdf#page=19"
"16","bag-1","16","6379206","20","https://www.lego.com/cdn/product-assets/product.bi.core.pdf/6379206.pdf#page=20"
"17","bag-1","17","6379206","21","https://www.lego.com/cdn/product-assets/product.bi.core.pdf/6379206.pdf#page=21"
"18","bag-1","18","6379206","22 23","https://www.lego.com/cdn/product-assets/product.bi.core.pdf/6379206.pdf#page=22"
"19","bag-1","19","6379206","24","https://www.lego.com/cdn/product-assets/product.bi.core.pdf/6379206.pdf#page=24"
"20","bag-1","20","6379206","25 26","https://www.lego.com/cdn/product-assets/product.bi.core.pdf/6379206.pdf#page=25"
"21","bag-1","21","6379206","27","https://www.lego.com/cdn/product-assets/product.bi.core.pdf/6379206.pdf#page=27"
"22","bag-2","22","6379206","28","https://www.lego.com/cdn/product-assets/product.bi.core.pdf/6379206.pdf#page=28"
"23","bag-2","23","6379206","29","https://www.lego.com/cdn/product-assets/product.bi.core.pdf/6379206.pdf#page=29"
"24","bag-2","24","6379206","30","https://www.lego.com/cdn/product-assets/product.bi.core.pdf/6379206.pdf#page=30"
"25","bag-2","25","6379206","31","https://www.lego.com/cdn/product-assets/product.bi.core.pdf/6379206.pdf#page=31"
"26","bag-2","26","6379206","31","https://www.lego.com/cdn/product-assets/product.bi.core.pdf/6379206.pdf#page=31"
"27","bag-2","27","6379206","32","https://www.lego.com/cdn/product-assets/product.bi.core.pdf/6379206.pdf#page=32"
"28","bag-2","28","6379206","32","https://www.lego.com/cdn/product-assets/product.bi.core.pdf/6379206.pdf#page=32"
"29","bag-2","29","6379206","33","https://www.lego.com/cdn/product-assets/product.bi.core.pdf/6379206.pdf#page=33"
"30","bag-2","30","6379206","33","https://www.lego.com/cdn/product-assets/product.bi.core.pdf/6379206.pdf#page=33"
"31","bag-2","31","6379206","33","https://www.lego.com/cdn/product-assets/product.bi.core.pdf/6379206.pdf#page=33"
"32","bag-2","32","6379206","34","https://www.lego.com/cdn/product-assets/product.bi.core.pdf/6379206.pdf#page=34"
"33","bag-2","33","6379206","34","https://www.lego.com/cdn/product-assets/product.bi.core.pdf/6379206.pdf#page=34"
"34","bag-2","34","6379206","34","https://www.lego.com/cdn/product-assets/product.bi.core.pdf/6379206.pdf#page=34"
"35","bag-2","35","6379206","34","https://www.lego.com/cdn/product-assets/product.bi.core.pdf/6379206.pdf#page=34"
"36","bag-2","36","6379206","35","https://www.lego.com/cdn/product-assets/product.bi.core.pdf/6379206.pdf#page=35"
"37","bag-2","37","6379206","35","https://www.lego.com/cdn/product-assets/product.bi.core.pdf/6379206.pdf#page=35"
"38","bag-2","38","6379206","35","https://www.lego.com/cdn/product-assets/product.bi.core.pdf/6379206.pdf#page=35"
"39","bag-2","39","6379206","35","https://www.lego.com/cdn/product-assets/product.bi.core.pdf/6379206.pdf#page=35"
"40","bag-2","40","6379206","36","https://www.lego.com/cdn/product-assets/product.bi.core.pdf/6379206.pdf#page=36"
"41","bag-2","41","6379206","36","https://www.lego.com/cdn/product-assets/product.bi.core.pdf/6379206.pdf#page=36"
"42","bag-2","42","6379206","36","https://www.lego.com/cdn/product-assets/product.bi.core.pdf/6379206.pdf#page=36"
"43","bag-2","43","6379206","36","https://www.lego.com/cdn/product-assets/product.bi.core.pdf/6379206.pdf#page=36"
"44","bag-2","44","6379206","37","https://www.lego.com/cdn/product-assets/product.bi.core.pdf/6379206.pdf#page=37"
"45","bag-2","45","6379206","37","https://www.lego.com/cdn/product-assets/product.bi.core.pdf/6379206.pdf#page=37"
"46","bag-2","46","6379206","38","https://www.lego.com/cdn/product-assets/product.bi.core.pdf/6379206.pdf#page=38"
"47","bag-2","47","6379206","38","https://www.lego.com/cdn/product-assets/product.bi.core.pdf/6379206.pdf#page=38"
"48","bag-2","48","6379206","38","https://www.lego.com/cdn/product-assets/product.bi.core.pdf/6379206.pdf#page=38"
"49","bag-2","49","6379206","39","https://www.lego.com/cdn/product-assets/product.bi.core.pdf/6379206.pdf#page=39"
"50","bag-2","50","6379206","40","https://www.lego.com/cdn/product-assets/product.bi.core.pdf/6379206.pdf#page=40"
"51","bag-2","51","6379206","41","https://www.lego.com/cdn/product-assets/product.bi.core.pdf/6379206.pdf#page=41"
"52","bag-2","52","6379206","42","https://www.lego.com/cdn/product-assets/product.bi.core.pdf/6379206.pdf#page=42"
"53","bag-2","53","6379206","43 44","https://www.lego.com/cdn/product-assets/product.bi.core.pdf/6379206.pdf#page=43"
"54","bag-2","54","6379206","45","https://www.lego.com/cdn/product-assets/product.bi.core.pdf/6379206.pdf#page=45"
"55","bag-2","55","6379206","45","https://www.lego.com/cdn/product-assets/product.bi.core.pdf/6379206.pdf#page=45"
"56","bag-2","56","6379206","45","https://www.lego.com/cdn/product-assets/product.bi.core.pdf/6379206.pdf#page=45"
"57","bag-2","57","6379206","45","https://www.lego.com/cdn/product-assets/product.bi.core.pdf/6379206.pdf#page=45"
"58","bag-2","58","6379206","46","https://www.lego.com/cdn/product-assets/product.bi.core.pdf/6379206.pdf#page=46"
"59","bag-2","59","6379206","46","https://www.lego.com/cdn/product-assets/product.bi.core.pdf/6379206.pdf#page=46"
"60","bag-2","60","6379206","46","https://www.lego.com/cdn/product-assets/product.bi.core.pdf/6379206.pdf#page=46"
"61","bag-2","61","6379206","46","https://www.lego.com/cdn/product-assets/product.bi.core.pdf/6379206.pdf#page=46"
"62","bag-2","62","6379206","47","https://www.lego.com/cdn/product-assets/product.bi.core.pdf/6379206.pdf#page=47"
"63","bag-2","63","6379206","47","https://www.lego.com/cdn/product-assets/product.bi.core.pdf/6379206.pdf#page=47"
"64","bag-2","64","6379206","47","https://www.lego.com/cdn/product-assets/product.bi.core.pdf/6379206.pdf#page=47"
"65","bag-2","65","6379206","47","https://www.lego.com/cdn/product-assets/product.bi.core.pdf/6379206.pdf#page=47"
"66","bag-2","66","6379206","48","https://www.lego.com/cdn/product-assets/product.bi.core.pdf/6379206.pdf#page=48"
"67","bag-2","67","6379206","49","https://www.lego.com/cdn/product-assets/product.bi.core.pdf/6379206.pdf#page=49"
"68","bag-2","68","6379206","50","https://www.lego.com/cdn/product-assets/product.bi.core.pdf/6379206.pdf#page=50"
"69","bag-2","69","6379206","51","https://www.lego.com/cdn/product-assets/product.bi.core.pdf/6379206.pdf#page=51"
"70","bag-2","70","6379206","52","https://www.lego.com/cdn/product-assets/product.bi.core.pdf/6379206.pdf#page=52"
"71","bag-2","71","6379206","52","https://www.lego.com/cdn/product-assets/product.bi.core.pdf/6379206.pdf#page=52"
"72","bag-2","72","6379206","52","https://www.lego.com/cdn/product-assets/product.bi.core.pdf/6379206.pdf#page=52"
"73","bag-2","73","6379206","52","https://www.lego.com/cdn/product-assets/product.bi.core.pdf/6379206.pdf#page=52"
"74","bag-2","74","6379206","53","https://www.lego.com/cdn/product-assets/product.bi.core.pdf/6379206.pdf#page=53"
"75","bag-2","75","6379206","53","https://www.lego.com/cdn/product-assets/product.bi.core.pdf/6379206.pdf#page=53"
"76","bag-2","76","6379206","53","https://www.lego.com/cdn/product-assets/product.bi.core.pdf/6379206.pdf#page=53"
"77","bag-2","77","6379206","53","https://www.lego.com/cdn/product-assets/product.bi.core.pdf/6379206.pdf#page=53"
"78","bag-2","78","6379206","54","https://www.lego.com/cdn/product-assets/product.bi.core.pdf/6379206.pdf#page=54"
"79","bag-2","79","6379206","54","https://www.lego.com/cdn/product-assets/product.bi.core.pdf/6379206.pdf#page=54"
"80","bag-2","80","6379206","54","https://www.lego.com/cdn/product-assets/product.bi.core.pdf/6379206.pdf#page=54"
"81","bag-2","81","6379206","54","https://www.lego.com/cdn/product-assets/product.bi.core.pdf/6379206.pdf#page=54"
"82","bag-2","82","6379206","55","https://www.lego.com/cdn/product-assets/product.bi.core.pdf/6379206.pdf#page=55"
"83","bag-2","83","6379206","56","https://www.lego.com/cdn/product-assets/product.bi.core.pdf/6379206.pdf#page=56"
"84","bag-2","84","6379206","57","https://www.lego.com/cdn/product-assets/product.bi.core.pdf/6379206.pdf#page=57"
"85","bag-2","85","6379206","58","https://www.lego.com/cdn/product-assets/product.bi.core.pdf/6379206.pdf#page=58"
"86","bag-2","86","6379206","59","https://www.lego.com/cdn/product-assets/product.bi.core.pdf/6379206.pdf#page=59"
"87","bag-2","87","6379206","60","https://www.lego.com/cdn/product-assets/product.bi.core.pdf/6379206.pdf#page=60"
"88","bag-3","88","6379206","61","https://www.lego.com/cdn/product-assets/product.bi.core.pdf/6379206.pdf#page=61"
"89","bag-3","89","6379206","62","https://www.lego.com/cdn/product-assets/product.bi.core.pdf/6379206.pdf#page=62"
"90","bag-3","90","6379206","63 64","https://www.lego.com/cdn/product-assets/product.bi.core.pdf/6379206.pdf#page=63"
"91","bag-3","91","6379206","65","https://www.lego.com/cdn/product-assets/product.bi.core.pdf/6379206.pdf#page=65"
"92","bag-3","92","6379206","66","https://www.lego.com/cdn/product-assets/product.bi.core.pdf/6379206.pdf#page=66"
"93","bag-3","93","6379206","67","https://www.lego.com/cdn/product-assets/product.bi.core.pdf/6379206.pdf#page=67"
"94","bag-3","94","6379206","68","https://www.lego.com/cdn/product-assets/product.bi.core.pdf/6379206.pdf#page=68"
"95","bag-3","95","6379206","69","https://www.lego.com/cdn/product-assets/product.bi.core.pdf/6379206.pdf#page=69"
"96","bag-3","96","6379206","70","https://www.lego.com/cdn/product-assets/product.bi.core.pdf/6379206.pdf#page=70"
"97","bag-3","97","6379206","70","https://www.lego.com/cdn/product-assets/product.bi.core.pdf/6379206.pdf#page=70"
"98","bag-3","98","6379206","70","https://www.lego.com/cdn/product-assets/product.bi.core.pdf/6379206.pdf#page=70"
"99","bag-3","99","6379206","70","https://www.lego.com/cdn/product-assets/product.bi.core.pdf/6379206.pdf#page=70"
"100","bag-3","100","6379206","71","https://www.lego.com/cdn/product-assets/product.bi.core.pdf/6379206.pdf#page=71"
"101","bag-3","101","6379206","71","https://www.lego.com/cdn/product-assets/product.bi.core.pdf/6379206.pdf#page=71"
"102","bag-3","102","6379206","71","https://www.lego.com/cdn/product-assets/product.bi.core.pdf/6379206.pdf#page=71"
"103","bag-3","103","6379206","71","https://www.lego.com/cdn/product-assets/product.bi.core.pdf/6379206.pdf#page=71"
"104","bag-3","104","6379206","72","https://www.lego.com/cdn/product-assets/product.bi.core.pdf/6379206.pdf#page=72"
"105","bag-3","105","6379206","72","https://www.lego.com/cdn/product-assets/product.bi.core.pdf/6379206.pdf#page=72"
"106","bag-3","106","6379206","72","https://www.lego.com/cdn/product-assets/product.bi.core.pdf/6379206.pdf#page=72"
"107","bag-3","107","6379206","73","https://www.lego.com/cdn/product-assets/product.bi.core.pdf/6379206.pdf#page=73"
"108","bag-3","108","6379206","73","https://www.lego.com/cdn/product-assets/product.bi.core.pdf/6379206.pdf#page=73"
"109","bag-3","109","6379206","73","https://www.lego.com/cdn/product-assets/product.bi.core.pdf/6379206.pdf#page=73"
"110","bag-3","110","6379206","74","https://www.lego.com/cdn/product-assets/product.bi.core.pdf/6379206.pdf#page=74"
"111","bag-3","111","6379206","75","https://www.lego.com/cdn/product-assets/product.bi.core.pdf/6379206.pdf#page=75"
"112","bag-3","112","6379206","76","https://www.lego.com/cdn/product-assets/product.bi.core.pdf/6379206.pdf#page=76"
"113","bag-3","113","6379206","77","https://www.lego.com/cdn/product-assets/product.bi.core.pdf/6379206.pdf#page=77"
"114","bag-3","114","6379206","78","https://www.lego.com/cdn/product-assets/product.bi.core.pdf/6379206.pdf#page=78"
"115","bag-3","115","6379206","79","https://www.lego.com/cdn/product-assets/product.bi.core.pdf/6379206.pdf#page=79"
"116","bag-3","116","6379206","80","https://www.lego.com/cdn/product-assets/product.bi.core.pdf/6379206.pdf#page=80"
"117","bag-4","117","6379206","81","https://www.lego.com/cdn/product-assets/product.bi.core.pdf/6379206.pdf#page=81"
"118","bag-4","118","6379206","81","https://www.lego.com/cdn/product-assets/product.bi.core.pdf/6379206.pdf#page=81"
"119","bag-4","119","6379206","82","https://www.lego.com/cdn/product-assets/product.bi.core.pdf/6379206.pdf#page=82"
"120","bag-4","120","6379206","82","https://www.lego.com/cdn/product-assets/product.bi.core.pdf/6379206.pdf#page=82"
"121","bag-4","121","6379206","82","https://www.lego.com/cdn/product-assets/product.bi.core.pdf/6379206.pdf#page=82"
"122","bag-4","122","6379206","83","https://www.lego.com/cdn/product-assets/product.bi.core.pdf/6379206.pdf#page=83"
"123","bag-4","123","6379206","83","https://www.lego.com/cdn/product-assets/product.bi.core.pdf/6379206.pdf#page=83"
"124","bag-4","124","6379206","83","https://www.lego.com/cdn/product-assets/product.bi.core.pdf/6379206.pdf#page=83"
"125","bag-4","125","6379206","84","https://www.lego.com/cdn/product-assets/product.bi.core.pdf/6379206.pdf#page=84"
"126","bag-4","126","6379206","84","https://www.lego.com/cdn/product-assets/product.bi.core.pdf/6379206.pdf#page=84"
"127","bag-4","127","6379206","84","https://www.lego.com/cdn/product-assets/product.bi.core.pdf/6379206.pdf#page=84"
"128","bag-4","128","6379206","84","https://www.lego.com/cdn/product-assets/product.bi.core.pdf/6379206.pdf#page=84"
"129","bag-4","129","6379206","85","https://www.lego.com/cdn/product-assets/product.bi.core.pdf/6379206.pdf#page=85"
"130","bag-4","130","6379206","86","https://www.lego.com/cdn/product-assets/product.bi.core.pdf/6379206.pdf#page=86"
"131","bag-4","131","6379206","87","https://www.lego.com/cdn/product-assets/product.bi.core.pdf/6379206.pdf#page=87"
"132","bag-4","132","6379206","88","https://www.lego.com/cdn/product-assets/product.bi.core.pdf/6379206.pdf#page=88"
"133","bag-4","133","6379206","88","https://www.lego.com/cdn/product-assets/product.bi.core.pdf/6379206.pdf#page=88"
"134","bag-4","134","6379206","88","https://www.lego.com/cdn/product-assets/product.bi.core.pdf/6379206.pdf#page=88"
"135","bag-4","135","6379206","88","https://www.lego.com/cdn/product-assets/product.bi.core.pdf/6379206.pdf#page=88"
"136","bag-4","136","6379206","89","https://www.lego.com/cdn/product-assets/product.bi.core.pdf/6379206.pdf#page=89"
"137","bag-4","137","6379206","89","https://www.lego.com/cdn/product-assets/product.bi.core.pdf/6379206.pdf#page=89"
"138","bag-4","138","6379206","89","https://www.lego.com/cdn/product-assets/product.bi.core.pdf/6379206.pdf#page=89"
"139","bag-4","139","6379206","90","https://www.lego.com/cdn/product-assets/product.bi.core.pdf/6379206.pdf#page=90"
"140","bag-4","140","6379206","90","https://www.lego.com/cdn/product-assets/product.bi.core.pdf/6379206.pdf#page=90"
"141","bag-4","141","6379206","90","https://www.lego.com/cdn/product-assets/product.bi.core.pdf/6379206.pdf#page=90"
"142","bag-4","142","6379206","91","https://www.lego.com/cdn/product-assets/product.bi.core.pdf/6379206.pdf#page=91"
"143","bag-4","143","6379206","92","https://www.lego.com/cdn/product-assets/product.bi.core.pdf/6379206.pdf#page=92"
"144","bag-4","144","6379206","92","https://www.lego.com/cdn/product-assets/product.bi.core.pdf/6379206.pdf#page=92"
"145","bag-4","145","6379206","92","https://www.lego.com/cdn/product-assets/product.bi.core.pdf/6379206.pdf#page=92"
"146","bag-4","146","6379206","92","https://www.lego.com/cdn/product-assets/product.bi.core.pdf/6379206.pdf#page=92"
"147","bag-4","147","6379206","93","https://www.lego.com/cdn/product-assets/product.bi.core.pdf/6379206.pdf#page=93"
"148","bag-4","148","6379206","93","https://www.lego.com/cdn/product-assets/product.bi.core.pdf/6379206.pdf#page=93"
"149","bag-4","149","6379206","93","https://www.lego.com/cdn/product-assets/product.bi.core.pdf/6379206.pdf#page=93"
"150","bag-4","150","6379206","94","https://www.lego.com/cdn/product-assets/product.bi.core.pdf/6379206.pdf#page=94"
"151","bag-4","151","6379206","94","https://www.lego.com/cdn/product-assets/product.bi.core.pdf/6379206.pdf#page=94"
"152","bag-4","152","6379206","94","https://www.lego.com/cdn/product-assets/product.bi.core.pdf/6379206.pdf#page=94"
"153","bag-4","153","6379206","95 96","https://www.lego.com/cdn/product-assets/product.bi.core.pdf/6379206.pdf#page=95"
"154","bag-5","154","6379206","97","https://www.lego.com/cdn/product-assets/product.bi.core.pdf/6379206.pdf#page=97"
"155","bag-5","155","6379206","98","https://www.lego.com/cdn/product-assets/product.bi.core.pdf/6379206.pdf#page=98"
"156","bag-5","156","6379206","98","https://www.lego.com/cdn/product-assets/product.bi.core.pdf/6379206.pdf#page=98"
"157","bag-5","157","6379206","98","https://www.lego.com/cdn/product-assets/product.bi.core.pdf/6379206.pdf#page=98"
"158","bag-5","158","6379206","99","https://www.lego.com/cdn/product-assets/product.bi.core.pdf/6379206.pdf#page=99"
"159","bag-5","159","6379206","100","https://www.lego.com/cdn/product-assets/product.bi.core.pdf/6379206.pdf#page=100"
"160","bag-5","160","6379206","101","https://www.lego.com/cdn/product-assets/product.bi.core.pdf/6379206.pdf#page=101"
"161","bag-5","161","6379206","101","https://www.lego.com/cdn/product-assets/product.bi.core.pdf/6379206.pdf#page=101"
"162","bag-5","162","6379206","101","https://www.lego.com/cdn/product-assets/product.bi.core.pdf/6379206.pdf#page=101"
"163","bag-5","163","6379206","101","https://www.lego.com/cdn/product-assets/product.bi.core.pdf/6379206.pdf#page=101"
"164","bag-5","164","6379206","102","https://www.lego.com/cdn/product-assets/product.bi.core.pdf/6379206.pdf#page=102"
"165","bag-5","165","6379206","102","https://www.lego.com/cdn/product-assets/product.bi.core.pdf/6379206.pdf#page=102"
"166","bag-5","166","6379206","102","https://www.lego.com/cdn/product-assets/product.bi.core.pdf/6379206.pdf#page=102"
"167","bag-5","167","6379206","102","https://www.lego.com/cdn/product-assets/product.bi.core.pdf/6379206.pdf#page=102"
"168","bag-5","168","6379206","103","https://www.lego.com/cdn/product-assets/product.bi.core.pdf/6379206.pdf#page=103"
"169","bag-5","169","6379206","104","https://www.lego.com/cdn/product-assets/product.bi.core.pdf/6379206.pdf#page=104"
"170","bag-5","170","6379206","104","https://www.lego.com/cdn/product-assets/product.bi.core.pdf/6379206.pdf#page=104"
"171","bag-5","171","6379206","104","https://www.lego.com/cdn/product-assets/product.bi.core.pdf/6379206.pdf#page=104"
"172","bag-5","172","6379206","104","https://www.lego.com/cdn/product-assets/product.bi.core.pdf/6379206.pdf#page=104"
"173","bag-5","173","6379206","105","https://www.lego.com/cdn/product-assets/product.bi.core.pdf/6379206.pdf#page=105"
"174","bag-5","174","6379206","105","https://www.lego.com/cdn/product-assets/product.bi.core.pdf/6379206.pdf#page=105"
"175","bag-5","175","6379206","105","https://www.lego.com/cdn/product-assets/product.bi.core.pdf/6379206.pdf#page=105"
"176","bag-5","176","6379206","106","https://www.lego.com/cdn/product-assets/product.bi.core.pdf/6379206.pdf#page=106"
"177","bag-5","177","6379206","107","https://www.lego.com/cdn/product-assets/product.bi.core.pdf/6379206.pdf#page=107"
"178","bag-5","178","6379206","108","https://www.lego.com/cdn/product-assets/product.bi.core.pdf/6379206.pdf#page=108"
"179","bag-5","179","6379206","108","https://www.lego.com/cdn/product-assets/product.bi.core.pdf/6379206.pdf#page=108"
"180","bag-5","180","6379206","108","https://www.lego.com/cdn/product-assets/product.bi.core.pdf/6379206.pdf#page=108"
"181","bag-5","181","6379206","108","https://www.lego.com/cdn/product-assets/product.bi.core.pdf/6379206.pdf#page=108"
"182","bag-5","182","6379206","109","https://www.lego.com/cdn/product-assets/product.bi.core.pdf/6379206.pdf#page=109"
"183","bag-5","183","6379206","109","https://www.lego.com/cdn/product-assets/product.bi.core.pdf/6379206.pdf#page=109"
"184","bag-5","184","6379206","109","https://www.lego.com/cdn/product-assets/product.bi.core.pdf/6379206.pdf#page=109"
"185","bag-5","185","6379206","109","https://www.lego.com/cdn/product-assets/product.bi.core.pdf/6379206.pdf#page=109"
"186","bag-5","186","6379206","110","https://www.lego.com/cdn/product-assets/product.bi.core.pdf/6379206.pdf#page=110"
"187","bag-5","187","6379206","111","https://www.lego.com/cdn/product-assets/product.bi.core.pdf/6379206.pdf#page=111"
"188","bag-5","188","6379206","112","https://www.lego.com/cdn/product-assets/product.bi.core.pdf/6379206.pdf#page=112"
"189","bag-5","189","6379206","112","https://www.lego.com/cdn/product-assets/product.bi.core.pdf/6379206.pdf#page=112"
"190","bag-5","190","6379206","112","https://www.lego.com/cdn/product-assets/product.bi.core.pdf/6379206.pdf#page=112"
"191","bag-5","191","6379206","113","https://www.lego.com/cdn/product-assets/product.bi.core.pdf/6379206.pdf#page=113"
"192","bag-5","192","6379206","113","https://www.lego.com/cdn/product-assets/product.bi.core.pdf/6379206.pdf#page=113"
"193","bag-5","193","6379206","113","https://www.lego.com/cdn/product-assets/product.bi.core.pdf/6379206.pdf#page=113"
"194","bag-5","194","6379206","113","https://www.lego.com/cdn/product-assets/product.bi.core.pdf/6379206.pdf#page=113"
"195","bag-5","195","6379206","114","https://www.lego.com/cdn/product-assets/product.bi.core.pdf/6379206.pdf#page=114"
"196","bag-5","196","6379206","114","https://www.lego.com/cdn/product-assets/product.bi.core.pdf/6379206.pdf#page=114"
"197","bag-5","197","6379206","115","https://www.lego.com/cdn/product-assets/product.bi.core.pdf/6379206.pdf#page=115"
"198","bag-5","198","6379206","115","https://www.lego.com/cdn/product-assets/product.bi.core.pdf/6379206.pdf#page=115"
"199","bag-5","199","6379206","115","https://www.lego.com/cdn/product-assets/product.bi.core.pdf/6379206.pdf#page=115"
"200","bag-5","200","6379206","115","https://www.lego.com/cdn/product-assets/product.bi.core.pdf/6379206.pdf#page=115"
"201","bag-5","201","6379206","116","https://www.lego.com/cdn/product-assets/product.bi.core.pdf/6379206.pdf#page=116"
"202","bag-5","202","6379206","116","https://www.lego.com/cdn/product-assets/product.bi.core.pdf/6379206.pdf#page=116"
"203","bag-5","203","6379206","117","https://www.lego.com/cdn/product-assets/product.bi.core.pdf/6379206.pdf#page=117"
"204","bag-5","204","6379206","117","https://www.lego.com/cdn/product-assets/product.bi.core.pdf/6379206.pdf#page=117"
"205","bag-5","205","6379206","117","https://www.lego.com/cdn/product-assets/product.bi.core.pdf/6379206.pdf#page=117"
"206","bag-5","206","6379206","118","https://www.lego.com/cdn/product-assets/product.bi.core.pdf/6379206.pdf#page=118"
"207","bag-5","207","6379206","118","https://www.lego.com/cdn/product-assets/product.bi.core.pdf/6379206.pdf#page=118"
"208","bag-5","208","6379206","119","https://www.lego.com/cdn/product-assets/product.bi.core.pdf/6379206.pdf#page=119"
"209","bag-5","209","6379206","119","https://www.lego.com/cdn/product-assets/product.bi.core.pdf/6379206.pdf#page=119"
"210","bag-5","210","6379206","120","https://www.lego.com/cdn/product-assets/product.bi.core.pdf/6379206.pdf#page=120"
"211","bag-5","211","6379206","121","https://www.lego.com/cdn/product-assets/product.bi.core.pdf/6379206.pdf#page=121"
"212","bag-5","212","6379206","121","https://www.lego.com/cdn/product-assets/product.bi.core.pdf/6379206.pdf#page=121"
"213","bag-5","213","6379206","122","https://www.lego.com/cdn/product-assets/product.bi.core.pdf/6379206.pdf#page=122"
"214","bag-5","214","6379206","123","https://www.lego.com/cdn/product-assets/product.bi.core.pdf/6379206.pdf#page=123"
"215","bag-5","215","6379206","124","https://www.lego.com/cdn/product-assets/product.bi.core.pdf/6379206.pdf#page=124"
"216","bag-5","216","6379206","125","https://www.lego.com/cdn/product-assets/product.bi.core.pdf/6379206.pdf#page=125"
"217","bag-5","217","6379206","126","https://www.lego.com/cdn/product-assets/product.bi.core.pdf/6379206.pdf#page=126"
"218","bag-5","218","6379206","127","https://www.lego.com/cdn/product-assets/product.bi.core.pdf/6379206.pdf#page=127"
"219","bag-5","219","6379206","128 129","https://www.lego.com/cdn/product-assets/product.bi.core.pdf/6379206.pdf#page=128"
"220","bag-6","220","6379206","130","https://www.lego.com/cdn/product-assets/product.bi.core.pdf/6379206.pdf#page=130"
"221","bag-6","221","6379206","131","https://www.lego.com/cdn/product-assets/product.bi.core.pdf/6379206.pdf#page=131"
"222","bag-6","222","6379206","132","https://www.lego.com/cdn/product-assets/product.bi.core.pdf/6379206.pdf#page=132"
"223","bag-6","223","6379206","132","https://www.lego.com/cdn/product-assets/product.bi.core.pdf/6379206.pdf#page=132"
"224","bag-6","224","6379206","132","https://www.lego.com/cdn/product-assets/product.bi.core.pdf/6379206.pdf#page=132"
"225","bag-6","225","6379206","132","https://www.lego.com/cdn/product-assets/product.bi.core.pdf/6379206.pdf#page=132"
"226","bag-6","226","6379206","133","https://www.lego.com/cdn/product-assets/product.bi.core.pdf/6379206.pdf#page=133"
"227","bag-6","227","6379206","133","https://www.lego.com/cdn/product-assets/product.bi.core.pdf/6379206.pdf#page=133"
"228","bag-6","228","6379206","133","https://www.lego.com/cdn/product-assets/product.bi.core.pdf/6379206.pdf#page=133"
"229","bag-6","229","6379206","134","https://www.lego.com/cdn/product-assets/product.bi.core.pdf/6379206.pdf#page=134"
"230","bag-6","230","6379206","134","https://www.lego.com/cdn/product-assets/product.bi.core.pdf/6379206.pdf#page=134"
"231","bag-6","231","6379206","134","https://www.lego.com/cdn/product-assets/product.bi.core.pdf/6379206.pdf#page=134"
"232","bag-6","232","6379206","134","https://www.lego.com/cdn/product-assets/product.bi.core.pdf/6379206.pdf#page=134"
"233","bag-6","233","6379206","135","https://www.lego.com/cdn/product-assets/product.bi.core.pdf/6379206.pdf#page=135"
"234","bag-6","234","6379206","135","https://www.lego.com/cdn/product-assets/product.bi.core.pdf/6379206.pdf#page=135"
"235","bag-6","235","6379206","135","https://www.lego.com/cdn/product-assets/product.bi.core.pdf/6379206.pdf#page=135"
"236","bag-6","236","6379206","135","https://www.lego.com/cdn/product-assets/product.bi.core.pdf/6379206.pdf#page=135"
"237","bag-6","237","6379206","136","https://www.lego.com/cdn/product-assets/product.bi.core.pdf/6379206.pdf#page=136"
"238","bag-6","238","6379206","136","https://www.lego.com/cdn/product-assets/product.bi.core.pdf/6379206.pdf#page=136"
"239","bag-6","239","6379206","136","https://www.lego.com/cdn/product-assets/product.bi.core.pdf/6379206.pdf#page=136"
"240","bag-6","240","6379206","137","https://www.lego.com/cdn/product-assets/product.bi.core.pdf/6379206.pdf#page=137"
"241","bag-6","241","6379206","138","https://www.lego.com/cdn/product-assets/product.bi.core.pdf/6379206.pdf#page=138"
"242","bag-6","242","6379206","138","https://www.lego.com/cdn/product-assets/product.bi.core.pdf/6379206.pdf#page=138"
"243","bag-6","243","6379206","138","https://www.lego.com/cdn/product-assets/product.bi.core.pdf/6379206.pdf#page=138"
"244","bag-6","244","6379206","138","https://www.lego.com/cdn/product-assets/product.bi.core.pdf/6379206.pdf#page=138"
"245","bag-6","245","6379206","139","https://www.lego.com/cdn/product-assets/product.bi.core.pdf/6379206.pdf#page=139"
"246","bag-6","246","6379206","139","https://www.lego.com/cdn/product-assets/product.bi.core.pdf/6379206.pdf#page=139"
"247","bag-6","247","6379206","139","https://www.lego.com/cdn/product-assets/product.bi.core.pdf/6379206.pdf#page=139"
"248","bag-6","248","6379206","140","https://www.lego.com/cdn/product-assets/product.bi.core.pdf/6379206.pdf#page=140"
"249","bag-6","249","6379206","140","https://www.lego.com/cdn/product-assets/product.bi.core.pdf/6379206.pdf#page=140"
"250","bag-6","250","6379206","140","https://www.lego.com/cdn/product-assets/product.bi.core.pdf/6379206.pdf#page=140"
"251","bag-6","251","6379206","140","https://www.lego.com/cdn/product-assets/product.bi.core.pdf/6379206.pdf#page=140"
"252","bag-6","252","6379206","141","https://www.lego.com/cdn/product-assets/product.bi.core.pdf/6379206.pdf#page=141"
"253","bag-6","253","6379206","141","https://www.lego.com/cdn/product-assets/product.bi.core.pdf/6379206.pdf#page=141"
"254","bag-6","254","6379206","142","https://www.lego.com/cdn/product-assets/product.bi.core.pdf/6379206.pdf#page=142"
"255","bag-6","255","6379206","142","https://www.lego.com/cdn/product-assets/product.bi.core.pdf/6379206.pdf#page=142"
"256","bag-6","256","6379206","142","https://www.lego.com/cdn/product-assets/product.bi.core.pdf/6379206.pdf#page=142"
"257","bag-6","257","6379206","143","https://www.lego.com/cdn/product-assets/product.bi.core.pdf/6379206.pdf#page=143"
"258","bag-6","258","6379206","143","https://www.lego.com/cdn/product-assets/product.bi.core.pdf/6379206.pdf#page=143"
"259","bag-6","259","6379206","144","https://www.lego.com/cdn/product-assets/product.bi.core.pdf/6379206.pdf#page=144"
"260","bag-6","260","6379206","145","https://www.lego.com/cdn/product-assets/product.bi.core.pdf/6379206.pdf#page=145"
"261","bag-6","261","6379206","146","https://www.lego.com/cdn/product-assets/product.bi.core.pdf/6379206.pdf#page=146"
"262","bag-6","262","6379206","147","https://www.lego.com/cdn/product-assets/product.bi.core.pdf/6379206.pdf#page=147"
"263","bag-6","263","6379206","148","https://www.lego.com/cdn/product-assets/product.bi.core.pdf/6379206.pdf#page=148"
"264","bag-6","264","6379206","149","https://www.lego.com/cdn/product-assets/product.bi.core.pdf/6379206.pdf#page=149"
"265","bag-6","265","6379206","149","https://www.lego.com/cdn/product-assets/product.bi.core.pdf/6379206.pdf#page=149"
"266","bag-6","266","6379206","149","https://www.lego.com/cdn/product-assets/product.bi.core.pdf/6379206.pdf#page=149"
"267","bag-6","267","6379206","149","https://www.lego.com/cdn/product-assets/product.bi.core.pdf/6379206.pdf#page=149"
"268","bag-6","268","6379206","150","https://www.lego.com/cdn/product-assets/product.bi.core.pdf/6379206.pdf#page=150"
"269","bag-6","269","6379206","150","https://www.lego.com/cdn/product-assets/product.bi.core.pdf/6379206.pdf#page=150"
"270","bag-6","270","6379206","150","https://www.lego.com/cdn/product-assets/product.bi.core.pdf/6379206.pdf#page=150"
"271","bag-6","271","6379206","150","https://www.lego.com/cdn/product-assets/product.bi.core.pdf/6379206.pdf#page=150"
"272","bag-6","272","6379206","151","https://www.lego.com/cdn/product-assets/product.bi.core.pdf/6379206.pdf#page=151"
"273","bag-6","273","6379206","151","https://www.lego.com/cdn/product-assets/product.bi.core.pdf/6379206.pdf#page=151"
"274","bag-6","274","6379206","151","https://www.lego.com/cdn/product-assets/product.bi.core.pdf/6379206.pdf#page=151"
"275","bag-6","275","6379206","152","https://www.lego.com/cdn/product-assets/product.bi.core.pdf/6379206.pdf#page=152"
"276","bag-6","276","6379206","153","https://www.lego.com/cdn/product-assets/product.bi.core.pdf/6379206.pdf#page=153"
"277","bag-6","277","6379206","153","https://www.lego.com/cdn/product-assets/product.bi.core.pdf/6379206.pdf#page=153"
"278","bag-6","278","6379206","154","https://www.lego.com/cdn/product-assets/product.bi.core.pdf/6379206.pdf#page=154"
"279","bag-6","279","6379206","155","https://www.lego.com/cdn/product-assets/product.bi.core.pdf/6379206.pdf#page=155"
"280","bag-6","280","6379206","156","https://www.lego.com/cdn/product-assets/product.bi.core.pdf/6379206.pdf#page=156"
"281","bag-7","281","6379206","157 158","https://www.lego.com/cdn/product-assets/product.bi.core.pdf/6379206.pdf#page=157"
"282","bag-7","282","6379206","159 160","https://www.lego.com/cdn/product-assets/product.bi.core.pdf/6379206.pdf#page=159"
"283","bag-7","283","6379206","161","https://www.lego.com/cdn/product-assets/product.bi.core.pdf/6379206.pdf#page=161"
"284","bag-7","284","6379206","162","https://www.lego.com/cdn/product-assets/product.bi.core.pdf/6379206.pdf#page=162"
"285","bag-7","285","6379206","163","https://www.lego.com/cdn/product-assets/product.bi.core.pdf/6379206.pdf#page=163"
"286","bag-7","286","6379206","164 165","https://www.lego.com/cdn/product-assets/product.bi.core.pdf/6379206.pdf#page=164"
"287","bag-7","287","6379206","166","https://www.lego.com/cdn/product-assets/product.bi.core.pdf/6379206.pdf#page=166"
"288","bag-7","288","6379206","167","https://www.lego.com/cdn/product-assets/product.bi.core.pdf/6379206.pdf#page=167"
"289","bag-7","289","6379206","168","https://www.lego.com/cdn/product-assets/product.bi.core.pdf/6379206.pdf#page=168"
"290","bag-7","290","6379206","169 170","https://www.lego.com/cdn/product-assets/product.bi.core.pdf/6379206.pdf#page=169"
"291","bag-7","291","6379206","171","https://www.lego.com/cdn/product-assets/product.bi.core.pdf/6379206.pdf#page=171"
"292","bag-7","292","6379206","172 173","https://www.lego.com/cdn/product-assets/product.bi.core.pdf/6379206.pdf#page=172"
"293","bag-7","293","6379206","174","https://www.lego.com/cdn/product-assets/product.bi.core.pdf/6379206.pdf#page=174"
"294","bag-7","294","6379206","175","https://www.lego.com/cdn/product-assets/product.bi.core.pdf/6379206.pdf#page=175"
"295","bag-7","295","6379206","176","https://www.lego.com/cdn/product-assets/product.bi.core.pdf/6379206.pdf#page=176"
"296","bag-7","296","6379206","177","https://www.lego.com/cdn/product-assets/product.bi.core.pdf/6379206.pdf#page=177"
"297","bag-7","297","6379206","177","https://www.lego.com/cdn/product-assets/product.bi.core.pdf/6379206.pdf#page=177"
"298","bag-7","298","6379206","177","https://www.lego.com/cdn/product-assets/product.bi.core.pdf/6379206.pdf#page=177"
"299","bag-7","299","6379206","178","https://www.lego.com/cdn/product-assets/product.bi.core.pdf/6379206.pdf#page=178"
"300","bag-7","300","6379206","178","https://www.lego.com/cdn/product-assets/product.bi.core.pdf/6379206.pdf#page=178"
"301","bag-7","301","6379206","178","https://www.lego.com/cdn/product-assets/product.bi.core.pdf/6379206.pdf#page=178"
"302","bag-7","302","6379206","178","https://www.lego.com/cdn/product-assets/product.bi.core.pdf/6379206.pdf#page=178"
"303","bag-7","303","6379206","179","https://www.lego.com/cdn/product-assets/product.bi.core.pdf/6379206.pdf#page=179"
"304","bag-7","304","6379206","179","https://www.lego.com/cdn/product-assets/product.bi.core.pdf/6379206.pdf#page=179"
"305","bag-7","305","6379206","180","https://www.lego.com/cdn/product-assets/product.bi.core.pdf/6379206.pdf#page=180"
"306","turbo","1","6379206","183","https://www.lego.com/cdn/product-assets/product.bi.core.pdf/6379206.pdf#page=183"
"307","turbo","2","6379206","183","https://www.lego.com/cdn/product-assets/product.bi.core.pdf/6379206.pdf#page=183"
"308","turbo","3","6379206","184","https://www.lego.com/cdn/product-assets/product.bi.core.pdf/6379206.pdf#page=184"
"309","turbo","4","6379206","184","https://www.lego.com/cdn/product-assets/product.bi.core.pdf/6379206.pdf#page=184"
"310","turbo","5","6379206","184","https://www.lego.com/cdn/product-assets/product.bi.core.pdf/6379206.pdf#page=184"
"311","turbo","6","6379206","184","https://www.lego.com/cdn/product-assets/product.bi.core.pdf/6379206.pdf#page=184"
"312","turbo","7","6379206","185","https://www.lego.com/cdn/product-assets/product.bi.core.pdf/6379206.pdf#page=185"
"313","turbo","8","6379206","186 187 188 189","https://www.lego.com/cdn/product-assets/product.bi.core.pdf/6379206.pdf#page=186"
"314","turbo","9","6379206","190","https://www.lego.com/cdn/product-assets/product.bi.core.pdf/6379206.pdf#page=190"
"315","turbo","10","6379206","191 192","https://www.lego.com/cdn/product-assets/product.bi.core.pdf/6379206.pdf#page=191"
"316","turbo","11","6379206","193 194","https://www.lego.com/cdn/product-assets/product.bi.core.pdf/6379206.pdf#page=193"
"317","turbo","12","6379206","195 196","https://www.lego.com/cdn/product-assets/product.bi.core.pdf/6379206.pdf#page=195"
"318","turbo","13","6379206","197 198 199","https://www.lego.com/cdn/product-assets/product.bi.core.pdf/6379206.pdf#page=197"
"319","turbo","14","6379206","200 201 202","https://www.lego.com/cdn/product-assets/product.bi.core.pdf/6379206.pdf#page=200"
"320","turbo","15","6379206","203","https://www.lego.com/cdn/product-assets/product.bi.core.pdf/6379206.pdf#page=203"
"321","turbo","16","6379206","204","https://www.lego.com/cdn/product-assets/product.bi.core.pdf/6379206.pdf#page=204"
"322","turbo","17","6379206","204","https://www.lego.com/cdn/product-assets/product.bi.core.pdf/6379206.pdf#page=204"
"323","turbo","18","6379206","204","https://www.lego.com/cdn/product-assets/product.bi.core.pdf/6379206.pdf#page=204"
"324","turbo","19","6379206","204","https://www.lego.com/cdn/product-assets/product.bi.core.pdf/6379206.pdf#page=204"
"325","turbo","20","6379206","205","https://www.lego.com/cdn/product-assets/product.bi.core.pdf/6379206.pdf#page=205"
"326","turbo","21","6379206","205","https://www.lego.com/cdn/product-assets/product.bi.core.pdf/6379206.pdf#page=205"
"327","turbo","22","6379206","205","https://www.lego.com/cdn/product-assets/product.bi.core.pdf/6379206.pdf#page=205"
"328","turbo","23","6379206","206","https://www.lego.com/cdn/product-assets/product.bi.core.pdf/6379206.pdf#page=206"
"329","turbo","24","6379206","206","https://www.lego.com/cdn/product-assets/product.bi.core.pdf/6379206.pdf#page=206"
"330","turbo","25","6379206","206","https://www.lego.com/cdn/product-assets/product.bi.core.pdf/6379206.pdf#page=206"
"331","turbo","26","6379206","206","https://www.lego.com/cdn/product-assets/product.bi.core.pdf/6379206.pdf#page=206"
"332","turbo","27","6379206","207","https://www.lego.com/cdn/product-assets/product.bi.core.pdf/6379206.pdf#page=207"
"333","turbo","28","6379206","207","https://www.lego.com/cdn/product-assets/product.bi.core.pdf/6379206.pdf#page=207"
"334","turbo","29","6379206","207","https://www.lego.com/cdn/product-assets/product.bi.core.pdf/6379206.pdf#page=207"
"335","turbo","30","6379206","208","https://www.lego.com/cdn/product-assets/product.bi.core.pdf/6379206.pdf#page=208"
"336","turbo","31","6379206","208","https://www.lego.com/cdn/product-assets/product.bi.core.pdf/6379206.pdf#page=208"
"337","turbo","32","6379206","208","https://www.lego.com/cdn/product-assets/product.bi.core.pdf/6379206.pdf#page=208"
"338","turbo","33","6379206","208","https://www.lego.com/cdn/product-assets/product.bi.core.pdf/6379206.pdf#page=208"
"339","turbo","34","6379206","209","https://www.lego.com/cdn/product-assets/product.bi.core.pdf/6379206.pdf#page=209"
"340","turbo","35","6379206","209","https://www.lego.com/cdn/product-assets/product.bi.core.pdf/6379206.pdf#page=209"
"341","turbo","36","6379206","209","https://www.lego.com/cdn/product-assets/product.bi.core.pdf/6379206.pdf#page=209"
"342","turbo","37","6379206","210","https://www.lego.com/cdn/product-assets/product.bi.core.pdf/6379206.pdf#page=210"
"343","turbo","38","6379206","210","https://www.lego.com/cdn/product-assets/product.bi.core.pdf/6379206.pdf#page=210"
"344","turbo","39","6379206","211","https://www.lego.com/cdn/product-assets/product.bi.core.pdf/6379206.pdf#page=211"
"345","turbo","40","6379206","212","https://www.lego.com/cdn/product-assets/product.bi.core.pdf/6379206.pdf#page=212"
"346","turbo","41","6379206","213 214 215","https://www.lego.com/cdn/product-assets/product.bi.core.pdf/6379206.pdf#page=213"
"347","turbo","42","6379206","216","https://www.lego.com/cdn/product-assets/product.bi.core.pdf/6379206.pdf#page=216"
"348","turbo","43","6379206","217","https://www.lego.com/cdn/product-assets/product.bi.core.pdf/6379206.pdf#page=217"
"349","turbo","44","6379206","217","https://www.lego.com/cdn/product-assets/product.bi.core.pdf/6379206.pdf#page=217"
"350","turbo","45","6379206","217","https://www.lego.com/cdn/product-assets/product.bi.core.pdf/6379206.pdf#page=217"
"351","turbo","46","6379206","218","https://www.lego.com/cdn/product-assets/product.bi.core.pdf/6379206.pdf#page=218"
"352","turbo","47","6379206","218","https://www.lego.com/cdn/product-assets/product.bi.core.pdf/6379206.pdf#page=218"
"353","turbo","48","6379206","218","https://www.lego.com/cdn/product-assets/product.bi.core.pdf/6379206.pdf#page=218"
"354","turbo","49","6379206","219","https://www.lego.com/cdn/product-assets/product.bi.core.pdf/6379206.pdf#page=219"
"355","turbo","50","6379206","219","https://www.lego.com/cdn/product-assets/product.bi.core.pdf/6379206.pdf#page=219"
"356","turbo","51","6379206","219","https://www.lego.com/cdn/product-assets/product.bi.core.pdf/6379206.pdf#page=219"
"357","turbo","52","6379206","220","https://www.lego.com/cdn/product-assets/product.bi.core.pdf/6379206.pdf#page=220"
"358","turbo","53","6379206","221","https://www.lego.com/cdn/product-assets/product.bi.core.pdf/6379206.pdf#page=221"
"359","turbo","54","6379206","222","https://www.lego.com/cdn/product-assets/product.bi.core.pdf/6379206.pdf#page=222"
"360","turbo","55","6379206","223","https://www.lego.com/cdn/product-assets/product.bi.core.pdf/6379206.pdf#page=223"
"361","turbo","56","6379206","224","https://www.lego.com/cdn/product-assets/product.bi.core.pdf/6379206.pdf#page=224"
"362","turbo","57","6379206","225","https://www.lego.com/cdn/product-assets/product.bi.core.pdf/6379206.pdf#page=225"
"363","turbo","58","6379206","226","https://www.lego.com/cdn/product-assets/product.bi.core.pdf/6379206.pdf#page=226"
"364","turbo","59","6379206","227","https://www.lego.com/cdn/product-assets/product.bi.core.pdf/6379206.pdf#page=227"
"365","turbo","60","6379206","228","https://www.lego.com/cdn/product-assets/product.bi.core.pdf/6379206.pdf#page=228"
"366","turbo","61","6379206","229","https://www.lego.com/cdn/product-assets/product.bi.core.pdf/6379206.pdf#page=229"