"Progress step","Step ID","Booklet","PDF pages","New rigid pieces","Total new pieces","Element quantities","3D instance IDs","Action","Existing action instance IDs"
"1","porsche-base-1","6379206","10","7","7","4188143:1 6299413:6","porsche-part-0001 porsche-part-0002 porsche-part-0003 porsche-part-0004 porsche-part-0005 porsche-part-0006 porsche-part-0007","",""
"2","porsche-base-2","6379206","11","3","3","4522938:1 6057799:1 6271825:1","porsche-part-0009 porsche-part-0008 porsche-part-0010","",""
"3","porsche-base-3","6379206","12","2","2","4211443:2","porsche-part-0011 porsche-part-0012","",""
"4","porsche-base-4","6379206","12","2","2","6299413:2","porsche-part-0013 porsche-part-0014","",""
"5","porsche-base-5","6379206","13","4","4","6299413:4","porsche-part-0015 porsche-part-0016 porsche-part-0017 porsche-part-0018","",""
"6","porsche-base-6","6379206","13","2","2","4107558:2","porsche-part-0019 porsche-part-0020","",""
"7","porsche-base-7","6379206","14","2","2","6116990:2","porsche-part-0022 porsche-part-0023","",""
"8","porsche-base-8","6379206","14","3","3","370224:1 6279875:2","porsche-part-0021 porsche-part-0024 porsche-part-0025","",""
"9","porsche-base-9","6379206","15","6","6","4211398:2 6176240:4","porsche-part-0026 porsche-part-0031 porsche-part-0027 porsche-part-0028 porsche-part-0029 porsche-part-0030","",""
"10","porsche-base-10","6379206","16","4","4","4558886:2 4654577:2","porsche-part-0032 porsche-part-0033 porsche-part-0034 porsche-part-0035","",""
"11","porsche-base-11","6379206","17","5","5","379526:1 244526:2 302121:1 403224:1","porsche-part-0038 porsche-part-0039 porsche-part-0040 porsche-part-0037 porsche-part-0036","",""
"12","porsche-base-12","6379206","17","3","3","4168072:2 4514845:1","porsche-part-0041 porsche-part-0042 porsche-part-0043","",""
"13","porsche-base-13","6379206","18","7","7","379526:2 403224:5","porsche-part-0044 porsche-part-0045 porsche-part-0046 porsche-part-0047 porsche-part-0048 porsche-part-0049 porsche-part-0050","",""
"14","porsche-base-14","6379206","18","8","8","4560182:2 6315197:4 4211398:2","porsche-part-0051 porsche-part-0052 porsche-part-0053 porsche-part-0054 porsche-part-0055 porsche-part-0056 porsche-part-0057 porsche-part-0058","",""
"15","porsche-base-15","6379206","19","12","12","617926:4 379526:2 366626:2 4560182:2 4211445:2","porsche-part-0063 porsche-part-0066 porsche-part-0067 porsche-part-0068 porsche-part-0061 porsche-part-0062 porsche-part-0069 porsche-part-0070 porsche-part-0064 porsche-part-0065 porsche-part-0059 porsche-part-0060","",""
"16","porsche-base-16","6379206","20","22","22","6079138:2 6097637:10 6248827:10","porsche-part-0071 porsche-part-0082 porsche-part-0077 porsche-part-0078 porsche-part-0079 porsche-part-0080 porsche-part-0081 porsche-part-0088 porsche-part-0089 porsche-part-0090 porsche-part-0091 porsche-part-0092 porsche-part-0072 porsche-part-0073 porsche-part-0074 porsche-part-0075 porsche-part-0076 porsche-part-0083 porsche-part-0084 porsche-part-0085 porsche-part-0086 porsche-part-0087","",""
"17","porsche-base-17","6379206","21","4","4","6097637:2 6337079:2","porsche-part-0093 porsche-part-0095 porsche-part-0094 porsche-part-0096","",""
"18","porsche-base-18","6379206","22 23","18","18","6047276:4 6265091:2 6114987:4 6130007:2 6299413:2 6271535:4","porsche-part-0098 porsche-part-0103 porsche-part-0107 porsche-part-0112 porsche-part-0099 porsche-part-0108 porsche-part-0097 porsche-part-0102 porsche-part-0106 porsche-part-0111 porsche-part-0100 porsche-part-0109 porsche-part-0101 porsche-part-0110 porsche-part-0104 porsche-part-0105 porsche-part-0113 porsche-part-0114","",""
"19","porsche-base-19","6379206","24","5","5","389401:1 379526:1 6324639:1 6102524:1 6356172:1","porsche-part-0119 porsche-part-0115 porsche-part-0116 porsche-part-0117 porsche-part-0118","",""
"20","porsche-base-20","6379206","25 26","12","12","273026:1 6324639:1 4188143:1 370126:2 6279875:4 6299413:2 4142865:1","porsche-part-0130 porsche-part-0128 porsche-part-0120 porsche-part-0126 porsche-part-0127 porsche-part-0123 porsche-part-0124 porsche-part-0125 porsche-part-0129 porsche-part-0121 porsche-part-0122 porsche-part-0131","",""
"21","porsche-base-21","6379206","27","3","3","4153718:2 4142865:1","porsche-part-0133 porsche-part-0134 porsche-part-0132","",""
"22","porsche-base-22","6379206","28","6","6","6263221:2 4211412:2 4211525:2","porsche-part-0135 porsche-part-0136 porsche-part-0137 porsche-part-0138 porsche-part-0139 porsche-part-0140","",""
"23","porsche-base-23","6379206","29","6","6","6001806:2 302326:2 4570877:2","porsche-part-0141 porsche-part-0142 porsche-part-0143 porsche-part-0144 porsche-part-0145 porsche-part-0146","",""
"24","porsche-base-24","6379206","30","6","6","6000970:1 6074892:2 379501:1 6265695:2","porsche-part-0147 porsche-part-0151 porsche-part-0152 porsche-part-0148 porsche-part-0149 porsche-part-0150","",""
"25","porsche-base-25","6379206","31","4","4","4211353:2 4541191:2","porsche-part-0153 porsche-part-0154 porsche-part-0155 porsche-part-0156","",""
"26","porsche-base-26","6379206","31","2","2","300401:2","porsche-part-0157 porsche-part-0160","",""
"27","porsche-base-27","6379206","32","4","4","4211525:2 6034044:2","porsche-part-0158 porsche-part-0159 porsche-part-0161 porsche-part-0162","",""
"28","porsche-base-28","6379206","32","6","6","4515373:2 4515368:2 4570877:2","porsche-part-0164 porsche-part-0168 porsche-part-0165 porsche-part-0166 porsche-part-0163 porsche-part-0167","",""
"29","porsche-base-29","6379206","33","5","5","6279875:2 4188143:1 6299413:2","porsche-part-0172 porsche-part-0173 porsche-part-0169 porsche-part-0170 porsche-part-0171","",""
"30","porsche-base-30","6379206","33","2","2","370226:2","porsche-part-0175 porsche-part-0176","",""
"31","porsche-base-31","6379206","33","3","3","245821:2 370026:1","porsche-part-0178 porsche-part-0179 porsche-part-0177","",""
"32","porsche-base-32","6379206","34","2","2","6279875:2","porsche-part-0174 porsche-part-0181","",""
"33","porsche-base-33","6379206","34","2","2","6167281:1 6296859:1","porsche-part-0180 porsche-part-0182","",""
"34","porsche-base-34","6379206","34","7","7","4550745:2 302126:2 4226876:1 6284577:2","porsche-part-0186 porsche-part-0187 porsche-part-0184 porsche-part-0185 porsche-part-0183 porsche-part-0192 porsche-part-0193","",""
"35","porsche-base-35","6379206","34","4","4","4570877:2 614121:2","porsche-part-0188 porsche-part-0189 porsche-part-0190 porsche-part-0191","",""
"36","porsche-base-36","6379206","35","1","1","6079138:1","porsche-part-0194","",""
"37","porsche-base-37","6379206","35","4","4","4211412:2 6034044:2","porsche-part-0197 porsche-part-0198 porsche-part-0195 porsche-part-0196","",""
"38","porsche-base-38","6379206","35","4","4","4211394:2 6015344:2","porsche-part-0201 porsche-part-0202 porsche-part-0199 porsche-part-0200","",""
"39","porsche-base-39","6379206","35","2","2","366601:2","porsche-part-0203 porsche-part-0204","",""
"40","porsche-base-40","6379206","36","2","2","6118827:2","porsche-part-0209 porsche-part-0210","",""
"41","porsche-base-41","6379206","36","4","4","371001:2 614121:2","porsche-part-0207 porsche-part-0208 porsche-part-0205 porsche-part-0206","",""
"42","porsche-base-42","6379206","36","2","2","366526:2","porsche-part-0211 porsche-part-0212","",""
"43","porsche-base-43","6379206","36","4","4","4234525:4","porsche-part-0213 porsche-part-0214 porsche-part-0215 porsche-part-0216","",""
"44","porsche-base-44","6379206","37","4","4","302126:2 302401:2","porsche-part-0217 porsche-part-0218 porsche-part-0219 porsche-part-0220","",""
"45","porsche-base-45","6379206","37","4","4","371001:2 6069164:2","porsche-part-0221 porsche-part-0222 porsche-part-0223 porsche-part-0224","",""
"46","porsche-base-46","6379206","38","5","5","614121:1 4570877:2 6261348:1 6069164:1","porsche-part-0226 porsche-part-0225 porsche-part-0229 porsche-part-0227 porsche-part-0228","",""
"47","porsche-base-47","6379206","38","6","6","300401:4 4558886:2","porsche-part-0230 porsche-part-0231 porsche-part-0232 porsche-part-0233 porsche-part-0234 porsche-part-0235","",""
"48","porsche-base-48","6379206","38","2","2","6028324:2","porsche-part-0236 porsche-part-0237","",""
"49","porsche-base-49","6379206","39","0","0","","","Attach the rear chassis extension","porsche-part-0172 porsche-part-0173 porsche-part-0169 porsche-part-0170 porsche-part-0171 porsche-part-0175 porsche-part-0176 porsche-part-0178 porsche-part-0179 porsche-part-0177 porsche-part-0174 porsche-part-0181 porsche-part-0180 porsche-part-0182 porsche-part-0186 porsche-part-0187 porsche-part-0184 porsche-part-0185 porsche-part-0183 porsche-part-0192 porsche-part-0193 porsche-part-0188 porsche-part-0189 porsche-part-0190 porsche-part-0191 porsche-part-0194 porsche-part-0197 porsche-part-0198 porsche-part-0195 porsche-part-0196 porsche-part-0201 porsche-part-0202 porsche-part-0199 porsche-part-0200 porsche-part-0203 porsche-part-0204 porsche-part-0209 porsche-part-0210 porsche-part-0207 porsche-part-0208 porsche-part-0205 porsche-part-0206 porsche-part-0211 porsche-part-0212 porsche-part-0213 porsche-part-0214 porsche-part-0215 porsche-part-0216 porsche-part-0217 porsche-part-0218 porsche-part-0219 porsche-part-0220 porsche-part-0221 porsche-part-0222 porsche-part-0223 porsche-part-0224 porsche-part-0226 porsche-part-0225 porsche-part-0229 porsche-part-0227 porsche-part-0228 porsche-part-0230 porsche-part-0231 porsche-part-0232 porsche-part-0233 porsche-part-0234 porsche-part-0235 porsche-part-0236 porsche-part-0237"
"50","porsche-base-50","6379206","40","5","5","366601:2 4153718:1 614121:2","porsche-part-0241 porsche-part-0242 porsche-part-0238 porsche-part-0239 porsche-part-0240","",""
"51","porsche-base-51","6379206","41","4","4","6339310:4","porsche-part-0243 porsche-part-0244 porsche-part-0245 porsche-part-0246","",""
"52","porsche-base-52","6379206","42","4","4","303426:1 416226:1 4570877:2","porsche-part-0247 porsche-part-0248 porsche-part-0249 porsche-part-0250","",""
"53","porsche-base-53","6379206","43 44","11","11","4211061:1 6250020:2 4211099:2 6339310:4 4570877:2","porsche-part-0251 porsche-part-0252 porsche-part-0255 porsche-part-0256 porsche-part-0257 porsche-part-0258 porsche-part-0259 porsche-part-0260 porsche-part-0261 porsche-part-0253 porsche-part-0254","",""
"54","porsche-base-54","6379206","45","2","2","370126:1 362326:1","porsche-part-0263 porsche-part-0264","",""
"55","porsche-base-55","6379206","45","1","1","4211353:1","porsche-part-0266","",""
"56","porsche-base-56","6379206","45","1","1","6279875:1","porsche-part-0265","",""
"57","porsche-base-57","6379206","45","2","2","4620763:1 614121:1","porsche-part-0267 porsche-part-0268","",""
"58","porsche-base-58","6379206","46","1","1","366526:1","porsche-part-0269","",""
"59","porsche-base-59","6379206","46","2","2","4211353:2","porsche-part-0271 porsche-part-0272","",""
"60","porsche-base-60","6379206","46","2","2","6118827:1 614121:1","porsche-part-0273 porsche-part-0270","",""
"61","porsche-base-61","6379206","46","1","1","306826:1","porsche-part-0274","",""
"62","porsche-base-62","6379206","47","3","3","303426:1 4211525:2","porsche-part-0280 porsche-part-0278 porsche-part-0279","",""
"63","porsche-base-63","6379206","47","3","3","302326:1 6186681:2","porsche-part-0277 porsche-part-0275 porsche-part-0276","",""
"64","porsche-base-64","6379206","47","3","3","366601:1 6212077:1 6340118:1","porsche-part-0281 porsche-part-0283 porsche-part-0282","",""
"65","porsche-base-65","6379206","47","1","1","6225230:1","porsche-part-0262","",""
"66","porsche-base-66","6379206","48","7","7","4570877:1 6001806:1 6348058:1 306826:1 4211353:1 4211412:1 4535737:1","porsche-part-0285 porsche-part-0284 porsche-part-0286 porsche-part-0289 porsche-part-0288 porsche-part-0291 porsche-part-0287","",""
"67","porsche-base-67","6379206","49","0","0","","","Attach the first rear side support","porsche-part-0263 porsche-part-0264 porsche-part-0266 porsche-part-0265 porsche-part-0267 porsche-part-0268 porsche-part-0269 porsche-part-0271 porsche-part-0272 porsche-part-0273 porsche-part-0270 porsche-part-0274 porsche-part-0280 porsche-part-0278 porsche-part-0279 porsche-part-0277 porsche-part-0275 porsche-part-0276 porsche-part-0281 porsche-part-0283 porsche-part-0282 porsche-part-0262 porsche-part-0285 porsche-part-0284 porsche-part-0286 porsche-part-0289 porsche-part-0288 porsche-part-0291 porsche-part-0287"
"68","porsche-base-68","6379206","50","1","1","6331483:1","porsche-part-0290","",""
"69","porsche-base-69","6379206","51","6","6","6168634:1 614121:1 6284577:1 4211353:1 6117968:1 4143005:1","porsche-part-0296 porsche-part-0300 porsche-part-0297 porsche-part-0299 porsche-part-0301 porsche-part-0298","",""
"70","porsche-base-70","6379206","52","2","2","370126:1 362326:1","porsche-part-0304 porsche-part-0305","",""
"71","porsche-base-71","6379206","52","1","1","4211353:1","porsche-part-0307","",""
"72","porsche-base-72","6379206","52","1","1","6279875:1","porsche-part-0306","",""
"73","porsche-base-73","6379206","52","2","2","4620763:1 614121:1","porsche-part-0308 porsche-part-0309","",""
"74","porsche-base-74","6379206","53","1","1","366526:1","porsche-part-0293","",""
"75","porsche-base-75","6379206","53","2","2","4211353:2","porsche-part-0312 porsche-part-0313","",""
"76","porsche-base-76","6379206","53","2","2","6118827:1 614121:1","porsche-part-0314 porsche-part-0311","",""
"77","porsche-base-77","6379206","53","1","1","306826:1","porsche-part-0315","",""
"78","porsche-base-78","6379206","54","3","3","303426:1 4211525:2","porsche-part-0321 porsche-part-0319 porsche-part-0320","",""
"79","porsche-base-79","6379206","54","3","3","302326:1 6186681:2","porsche-part-0318 porsche-part-0316 porsche-part-0317","",""
"80","porsche-base-80","6379206","54","3","3","366601:1 6212077:1 6340118:1","porsche-part-0322 porsche-part-0324 porsche-part-0323","",""
"81","porsche-base-81","6379206","54","1","1","6225230:1","porsche-part-0302","",""
"82","porsche-base-82","6379206","55","7","7","4570877:1 6001806:1 6348058:1 306826:1 4211353:1 4211412:1 4535737:1","porsche-part-0326 porsche-part-0325 porsche-part-0327 porsche-part-0330 porsche-part-0329 porsche-part-0292 porsche-part-0328","",""
"83","porsche-base-83","6379206","56","0","0","","","Attach the opposite rear side support","porsche-part-0304 porsche-part-0305 porsche-part-0307 porsche-part-0306 porsche-part-0308 porsche-part-0309 porsche-part-0293 porsche-part-0312 porsche-part-0313 porsche-part-0314 porsche-part-0311 porsche-part-0315 porsche-part-0321 porsche-part-0319 porsche-part-0320 porsche-part-0318 porsche-part-0316 porsche-part-0317 porsche-part-0322 porsche-part-0324 porsche-part-0323 porsche-part-0302 porsche-part-0326 porsche-part-0325 porsche-part-0327 porsche-part-0330 porsche-part-0329 porsche-part-0292 porsche-part-0328"
"84","porsche-base-84","6379206","57","1","1","6331483:1","porsche-part-0303","",""
"85","porsche-base-85","6379206","58","6","6","6168634:1 614121:1 6284577:1 4211353:1 6117968:1 4143005:1","porsche-part-0339 porsche-part-0340 porsche-part-0338 porsche-part-0336 porsche-part-0341 porsche-part-0337","",""
"86","porsche-base-86","6379206","59","4","4","4211614:2 6015344:2","porsche-part-0344 porsche-part-0345 porsche-part-0342 porsche-part-0343","",""
"87","porsche-base-87","6379206","60","8","8","366526:2 371001:4 4211412:2","porsche-part-0310 porsche-part-0333 porsche-part-0294 porsche-part-0295 porsche-part-0334 porsche-part-0335 porsche-part-0331 porsche-part-0332","",""
"88","porsche-base-88","6379206","61","6","6","235701:2 6069164:2 614121:2","porsche-part-0350 porsche-part-0351 porsche-part-0346 porsche-part-0347 porsche-part-0348 porsche-part-0349","",""
"89","porsche-base-89","6379206","62","10","10","407001:2 241226:2 302326:4 302426:2","porsche-part-0352 porsche-part-0353 porsche-part-0358 porsche-part-0361 porsche-part-0356 porsche-part-0357 porsche-part-0359 porsche-part-0360 porsche-part-0354 porsche-part-0355","",""
"90","porsche-base-90","6379206","63 64","30","30","6280168:4 6258831:6 614121:4 366001:4 362301:4 6313115:4 307001:4","porsche-part-0362 porsche-part-0369 porsche-part-0377 porsche-part-0384 porsche-part-0363 porsche-part-0364 porsche-part-0366 porsche-part-0378 porsche-part-0379 porsche-part-0381 porsche-part-0367 porsche-part-0368 porsche-part-0382 porsche-part-0383 porsche-part-0373 porsche-part-0374 porsche-part-0388 porsche-part-0389 porsche-part-0365 porsche-part-0370 porsche-part-0380 porsche-part-0385 porsche-part-0375 porsche-part-0376 porsche-part-0390 porsche-part-0391 porsche-part-0371 porsche-part-0372 porsche-part-0386 porsche-part-0387","",""
"91","porsche-base-91","6379206","65","3","3","446001:1 6031947:1 242001:1","porsche-part-0396 porsche-part-0392 porsche-part-0394","",""
"92","porsche-base-92","6379206","66","2","2","242001:1 302201:1","porsche-part-0395 porsche-part-0400","",""
"93","porsche-base-93","6379206","67","3","3","446001:1 6031947:1 242001:1","porsche-part-0397 porsche-part-0393 porsche-part-0398","",""
"94","porsche-base-94","6379206","68","2","2","242001:1 302201:1","porsche-part-0399 porsche-part-0401","",""
"95","porsche-base-95","6379206","69","6","6","346001:2 4211394:2 6211917:2","porsche-part-0402 porsche-part-0403 porsche-part-0404 porsche-part-0405 porsche-part-0406 porsche-part-0407","",""
"96","porsche-base-96","6379206","70","1","1","346001:1","porsche-part-0409","",""
"97","porsche-base-97","6379206","70","1","1","4514845:1","porsche-part-0410","",""
"98","porsche-base-98","6379206","70","2","2","4569056:2","porsche-part-0408 porsche-part-0411","",""
"99","porsche-base-99","6379206","70","4","4","371026:4","porsche-part-0412 porsche-part-0413 porsche-part-0414 porsche-part-0415","",""
"100","porsche-base-100","6379206","71","4","4","4618880:2 307026:2","porsche-part-0418 porsche-part-0419 porsche-part-0416 porsche-part-0417","",""
"101","porsche-base-101","6379206","71","4","4","608101:2 614121:2","porsche-part-0420 porsche-part-0421 porsche-part-0422 porsche-part-0423","",""
"102","porsche-base-102","6379206","71","6","6","4214559:2 6051511:2 306901:2","porsche-part-0424 porsche-part-0425 porsche-part-0426 porsche-part-0427 porsche-part-0428 porsche-part-0429","",""
"103","porsche-base-103","6379206","71","4","4","371026:2 4550745:2","porsche-part-0430 porsche-part-0431 porsche-part-0432 porsche-part-0433","",""
"104","porsche-base-104","6379206","72","4","4","242001:2 6284577:2","porsche-part-0436 porsche-part-0437 porsche-part-0434 porsche-part-0435","",""
"105","porsche-base-105","6379206","72","3","3","4251161:2 6023804:1","porsche-part-0440 porsche-part-0441 porsche-part-0438","",""
"106","porsche-base-106","6379206","72","4","4","4179875:1 4179874:1 6106685:1 6106683:1","porsche-part-0444 porsche-part-0443 porsche-part-0445 porsche-part-0442","",""
"107","porsche-base-107","6379206","73","3","3","383201:1 4550745:2","porsche-part-0448 porsche-part-0446 porsche-part-0447","",""
"108","porsche-base-108","6379206","73","2","2","6047276:2","porsche-part-0449 porsche-part-0450","",""
"109","porsche-base-109","6379206","73","5","5","416226:1 6250020:2 6191630:2","porsche-part-0451 porsche-part-0454 porsche-part-0455 porsche-part-0452 porsche-part-0453","",""
"110","porsche-base-110","6379206","74","0","0","","","Attach the rear bumper","porsche-part-0409 porsche-part-0410 porsche-part-0408 porsche-part-0411 porsche-part-0412 porsche-part-0413 porsche-part-0414 porsche-part-0415 porsche-part-0418 porsche-part-0419 porsche-part-0416 porsche-part-0417 porsche-part-0420 porsche-part-0421 porsche-part-0422 porsche-part-0423 porsche-part-0424 porsche-part-0425 porsche-part-0426 porsche-part-0427 porsche-part-0428 porsche-part-0429 porsche-part-0430 porsche-part-0431 porsche-part-0432 porsche-part-0433 porsche-part-0436 porsche-part-0437 porsche-part-0434 porsche-part-0435 porsche-part-0440 porsche-part-0441 porsche-part-0438 porsche-part-0444 porsche-part-0443 porsche-part-0445 porsche-part-0442 porsche-part-0448 porsche-part-0446 porsche-part-0447 porsche-part-0449 porsche-part-0450 porsche-part-0451 porsche-part-0454 porsche-part-0455 porsche-part-0452 porsche-part-0453"
"111","porsche-base-111","6379206","75","6","6","6342995:1 4524929:2 4251149:1 6340751:2","porsche-part-0459 porsche-part-0456 porsche-part-0457 porsche-part-0458 porsche-part-0460 porsche-part-0461","",""
"112","porsche-base-112","6379206","76","6","6","6069000:2 4249112:2 6343001:2","porsche-part-0462 porsche-part-0463 porsche-part-0464 porsche-part-0465 porsche-part-0466 porsche-part-0467","",""
"113","porsche-base-113","6379206","77","2","2","6336752:1 6336754:1","porsche-part-0475 porsche-part-0468","",""
"114","porsche-base-114","6379206","78","6","6","6248827:6","porsche-part-0469 porsche-part-0470 porsche-part-0471 porsche-part-0472 porsche-part-0473 porsche-part-0474","",""
"115","porsche-base-115","6379206","79","4","4","663601:2 307001:2","porsche-part-0476 porsche-part-0477 porsche-part-0478 porsche-part-0479","",""
"116","porsche-base-116","6379206","80","2","2","6261387:1 6258831:1","porsche-part-0480 porsche-part-0481","",""
"117","porsche-base-117","6379206","81","2","2","4211043:1 4211445:1","porsche-part-0482 porsche-part-0483","",""
"118","porsche-base-118","6379206","81","1","1","4211445:1","porsche-part-0484","",""
"119","porsche-base-119","6379206","82","2","2","4211395:2","porsche-part-0485 porsche-part-0486","",""
"120","porsche-base-120","6379206","82","4","4","4211383:4","porsche-part-0487 porsche-part-0488 porsche-part-0489 porsche-part-0490","",""
"121","porsche-base-121","6379206","82","3","3","300121:1 4211412:2","porsche-part-0491 porsche-part-0492 porsche-part-0493","",""
"122","porsche-base-122","6379206","83","3","3","4211043:2 4570877:1","porsche-part-0495 porsche-part-0496 porsche-part-0494","",""
"123","porsche-base-123","6379206","83","4","4","4210633:2 4521921:2","porsche-part-0497 porsche-part-0498 porsche-part-0499 porsche-part-0500","",""
"124","porsche-base-124","6379206","83","2","2","4211395:2","porsche-part-0501 porsche-part-0502","",""
"125","porsche-base-125","6379206","84","5","5","6276874:1 4210633:4","porsche-part-0507 porsche-part-0503 porsche-part-0504 porsche-part-0505 porsche-part-0506","",""
"126","porsche-base-126","6379206","84","4","4","4568637:4","porsche-part-0508 porsche-part-0509 porsche-part-0510 porsche-part-0511","",""
"127","porsche-base-127","6379206","84","3","3","243126:1 6212077:2","porsche-part-0512 porsche-part-0513 porsche-part-0514","",""
"128","porsche-base-128","6379206","84","2","2","4511007:1 6313481:1","porsche-part-0515 porsche-part-0516","",""
"129","porsche-base-129","6379206","85","0","0","","","Fit the rear engine fan assembly","porsche-part-0482 porsche-part-0483 porsche-part-0484 porsche-part-0485 porsche-part-0486 porsche-part-0487 porsche-part-0488 porsche-part-0489 porsche-part-0490 porsche-part-0491 porsche-part-0492 porsche-part-0493 porsche-part-0495 porsche-part-0496 porsche-part-0494 porsche-part-0497 porsche-part-0498 porsche-part-0499 porsche-part-0500 porsche-part-0501 porsche-part-0502 porsche-part-0507 porsche-part-0503 porsche-part-0504 porsche-part-0505 porsche-part-0506 porsche-part-0508 porsche-part-0509 porsche-part-0510 porsche-part-0511 porsche-part-0512 porsche-part-0513 porsche-part-0514 porsche-part-0515 porsche-part-0516"
"130","porsche-base-130","6379206","86","4","4","6347310:1 6340118:1 4570877:1 6186009:1","porsche-part-0519 porsche-part-0518 porsche-part-0517 porsche-part-0520","",""
"131","porsche-base-131","6379206","87","3","3","6279875:1 6093525:1 6321194:1","porsche-part-0523 porsche-part-0522 porsche-part-0521","",""
"132","porsche-base-132","6379206","88","2","2","6339914:1 4570877:1","porsche-part-0528 porsche-part-0525","",""
"133","porsche-base-133","6379206","88","1","1","4570877:1","porsche-part-0526","",""
"134","porsche-base-134","6379206","88","1","1","4570877:1","porsche-part-0527","",""
"135","porsche-base-135","6379206","88","1","1","6339915:1","porsche-part-0524","",""
"136","porsche-base-136","6379206","89","2","2","6186012:1 6340042:1","porsche-part-0530 porsche-part-0529","",""
"137","porsche-base-137","6379206","89","1","1","6315191:1","porsche-part-0531","",""
"138","porsche-base-138","6379206","89","6","6","4651232:6","porsche-part-0532 porsche-part-0533 porsche-part-0534 porsche-part-0535 porsche-part-0536 porsche-part-0537","",""
"139","porsche-base-139","6379206","90","2","2","4570877:1 6345166:1","porsche-part-0541 porsche-part-0540","",""
"140","porsche-base-140","6379206","90","3","3","6186007:1 6339915:1 6345166:1","porsche-part-0546 porsche-part-0538 porsche-part-0542","",""
"141","porsche-base-141","6379206","90","4","4","6186009:1 6340042:1 6340118:2","porsche-part-0544 porsche-part-0539 porsche-part-0543 porsche-part-0545","",""
"142","porsche-base-142","6379206","91","0","0","","","Fit the first front seat","porsche-part-0528 porsche-part-0525 porsche-part-0526 porsche-part-0527 porsche-part-0524 porsche-part-0530 porsche-part-0529 porsche-part-0531 porsche-part-0532 porsche-part-0533 porsche-part-0534 porsche-part-0535 porsche-part-0536 porsche-part-0537 porsche-part-0541 porsche-part-0540 porsche-part-0546 porsche-part-0538 porsche-part-0542 porsche-part-0544 porsche-part-0539 porsche-part-0543 porsche-part-0545"
"143","porsche-base-143","6379206","92","2","2","4570877:1 6339914:1","porsche-part-0548 porsche-part-0549","",""
"144","porsche-base-144","6379206","92","1","1","4570877:1","porsche-part-0562","",""
"145","porsche-base-145","6379206","92","1","1","4570877:1","porsche-part-0568","",""
"146","porsche-base-146","6379206","92","1","1","6339915:1","porsche-part-0547","",""
"147","porsche-base-147","6379206","93","2","2","6186012:1 6340042:1","porsche-part-0551 porsche-part-0550","",""
"148","porsche-base-148","6379206","93","1","1","6315191:1","porsche-part-0552","",""
"149","porsche-base-149","6379206","93","6","6","4651232:6","porsche-part-0553 porsche-part-0554 porsche-part-0555 porsche-part-0556 porsche-part-0557 porsche-part-0558","",""
"150","porsche-base-150","6379206","94","2","2","6345166:1 4570877:1","porsche-part-0561 porsche-part-0569","",""
"151","porsche-base-151","6379206","94","3","3","6186007:1 6339915:1 6345166:1","porsche-part-0567 porsche-part-0559 porsche-part-0563","",""
"152","porsche-base-152","6379206","94","4","4","6340118:2 6340042:1 6186009:1","porsche-part-0564 porsche-part-0566 porsche-part-0560 porsche-part-0565","",""
"153","porsche-base-153","6379206","95 96","0","0","","","Fit the second front seat","porsche-part-0548 porsche-part-0549 porsche-part-0562 porsche-part-0568 porsche-part-0547 porsche-part-0551 porsche-part-0550 porsche-part-0552 porsche-part-0553 porsche-part-0554 porsche-part-0555 porsche-part-0556 porsche-part-0557 porsche-part-0558 porsche-part-0561 porsche-part-0569 porsche-part-0567 porsche-part-0559 porsche-part-0563 porsche-part-0564 porsche-part-0566 porsche-part-0560 porsche-part-0565"
"154","porsche-base-154","6379206","97","8","8","6089119:1 4570877:2 300326:2 6178922:1 4211469:2","porsche-part-0577 porsche-part-0572 porsche-part-0573 porsche-part-0570 porsche-part-0571 porsche-part-0576 porsche-part-0574 porsche-part-0575","",""
"155","porsche-base-155","6379206","98","5","5","6102449:1 6279875:4","porsche-part-0578 porsche-part-0579 porsche-part-0580 porsche-part-0581 porsche-part-0582","",""
"156","porsche-base-156","6379206","98","2","2","6347790:1 4666579:1","porsche-part-0583 porsche-part-0584","",""
"157","porsche-base-157","6379206","98","2","2","6247352:2","porsche-part-0585 porsche-part-0586","",""
"158","porsche-base-158","6379206","99","9","9","6130002:1 6254216:2 6271820:1 6278029:1 6265091:1 6316318:1 4211807:2","porsche-part-0587 porsche-part-0592 porsche-part-0593 porsche-part-0588 porsche-part-0591 porsche-part-0589 porsche-part-0590 porsche-part-0594 porsche-part-0595","",""
"159","porsche-base-159","6379206","100","8","8","6135494:2 4667578:2 4629920:2 6359227:2","porsche-part-0600 porsche-part-0601 porsche-part-0602 porsche-part-0603 porsche-part-0598 porsche-part-0599 porsche-part-0596 porsche-part-0597","",""
"160","porsche-base-160","6379206","101","2","2","6271869:1 6179606:1","porsche-part-0606 porsche-part-0610","",""
"161","porsche-base-161","6379206","101","1","1","6130008:1","porsche-part-0605","",""
"162","porsche-base-162","6379206","101","1","1","6261367:1","porsche-part-0608","",""
"163","porsche-base-163","6379206","101","1","1","6331441:1","porsche-part-0604","",""
"164","porsche-base-164","6379206","102","1","1","6261367:1","porsche-part-0609","",""
"165","porsche-base-165","6379206","102","2","2","6179606:1 6271869:1","porsche-part-0611 porsche-part-0607","",""
"166","porsche-base-166","6379206","102","2","2","6209519:1 6347790:1","porsche-part-0612 porsche-part-0613","",""
"167","porsche-base-167","6379206","102","0","0","","","Join the steering rack and front axle","porsche-part-0606 porsche-part-0610 porsche-part-0605 porsche-part-0608 porsche-part-0604 porsche-part-0609 porsche-part-0611 porsche-part-0607 porsche-part-0612 porsche-part-0613"
"168","porsche-base-168","6379206","103","1","1","4640536:1","porsche-part-0614","",""
"169","porsche-base-169","6379206","104","5","5","6115616:1 6299413:2 6279875:2","porsche-part-0615 porsche-part-0618 porsche-part-0619 porsche-part-0616 porsche-part-0617","",""
"170","porsche-base-170","6379206","104","2","2","6345163:2","porsche-part-0620 porsche-part-0621","",""
"171","porsche-base-171","6379206","104","2","2","6299413:2","porsche-part-0622 porsche-part-0623","",""
"172","porsche-base-172","6379206","104","2","2","6245499:2","porsche-part-0624 porsche-part-0625","",""
"173","porsche-base-173","6379206","105","2","2","6299413:2","porsche-part-0626 porsche-part-0627","",""
"174","porsche-base-174","6379206","105","0","0","","","Attach the front axle brace","porsche-part-0615 porsche-part-0618 porsche-part-0619 porsche-part-0616 porsche-part-0617 porsche-part-0620 porsche-part-0621 porsche-part-0622 porsche-part-0623 porsche-part-0624 porsche-part-0625 porsche-part-0626 porsche-part-0627"
"175","porsche-base-175","6379206","105","2","2","6347790:2","porsche-part-0628 porsche-part-0629","",""
"176","porsche-base-176","6379206","106","6","6","6347790:4 4142865:2","porsche-part-0630 porsche-part-1363 porsche-part-1364 porsche-part-0631 porsche-part-0632 porsche-part-0633","",""
"177","porsche-base-177","6379206","107","0","0","","","Join the front axle to the chassis","porsche-part-0578 porsche-part-0579 porsche-part-0580 porsche-part-0581 porsche-part-0582 porsche-part-0583 porsche-part-0584 porsche-part-0585 porsche-part-0586 porsche-part-0587 porsche-part-0592 porsche-part-0593 porsche-part-0588 porsche-part-0591 porsche-part-0589 porsche-part-0590 porsche-part-0594 porsche-part-0595 porsche-part-0600 porsche-part-0601 porsche-part-0602 porsche-part-0603 porsche-part-0598 porsche-part-0599 porsche-part-0596 porsche-part-0597 porsche-part-0606 porsche-part-0610 porsche-part-0605 porsche-part-0608 porsche-part-0604 porsche-part-0609 porsche-part-0611 porsche-part-0607 porsche-part-0612 porsche-part-0613 porsche-part-0614 porsche-part-0615 porsche-part-0618 porsche-part-0619 porsche-part-0616 porsche-part-0617 porsche-part-0620 porsche-part-0621 porsche-part-0622 porsche-part-0623 porsche-part-0624 porsche-part-0625 porsche-part-0626 porsche-part-0627 porsche-part-0628 porsche-part-0629 porsche-part-0630 porsche-part-1363 porsche-part-1364 porsche-part-0631 porsche-part-0632 porsche-part-0633"
"178","porsche-base-178","6379206","108","2","2","6130007:1 6012451:1","porsche-part-0636 porsche-part-0635","",""
"179","porsche-base-179","6379206","108","1","1","4179771:1","porsche-part-0634","",""
"180","porsche-base-180","6379206","108","1","1","6335279:1","porsche-part-0637","",""
"181","porsche-base-181","6379206","108","1","1","6130008:1","porsche-part-0638","",""
"182","porsche-base-182","6379206","109","2","2","6271165:1 6271820:1","porsche-part-0639 porsche-part-0640","",""
"183","porsche-base-183","6379206","109","2","2","6167281:1 6271165:1","porsche-part-0642 porsche-part-0641","",""
"184","porsche-base-184","6379206","109","2","2","4512363:1 4142865:1","porsche-part-0643 porsche-part-0644","",""
"185","porsche-base-185","6379206","109","1","1","6265091:1","porsche-part-0645","",""
"186","porsche-base-186","6379206","110","0","0","","","Fit the steering column","porsche-part-0636 porsche-part-0635 porsche-part-0634 porsche-part-0637 porsche-part-0638 porsche-part-0639 porsche-part-0640 porsche-part-0642 porsche-part-0641 porsche-part-0643 porsche-part-0644 porsche-part-0645"
"187","porsche-base-187","6379206","111","2","2","4580509:1 6265091:1","porsche-part-0646 porsche-part-0647","",""
"188","porsche-base-188","6379206","112","2","2","379521:1 389421:1","porsche-part-0648 porsche-part-0649","",""
"189","porsche-base-189","6379206","112","1","1","389523:1","porsche-part-0650","",""
"190","porsche-base-190","6379206","112","2","2","4113233:2","porsche-part-0651 porsche-part-0652","",""
"191","porsche-base-191","6379206","113","2","2","4558886:2","porsche-part-0653 porsche-part-0654","",""
"192","porsche-base-192","6379206","113","6","6","6168620:4 4570877:2","porsche-part-0655 porsche-part-0656 porsche-part-0657 porsche-part-0658 porsche-part-0659 porsche-part-0660","",""
"193","porsche-base-193","6379206","113","2","2","307026:2","porsche-part-0661 porsche-part-0662","",""
"194","porsche-base-194","6379206","113","2","2","6340734:2","porsche-part-0663 porsche-part-0664","",""
"195","porsche-base-195","6379206","114","8","8","4211099:1 4211425:3 4569056:4","porsche-part-0667 porsche-part-0665 porsche-part-0668 porsche-part-0669 porsche-part-0666 porsche-part-0670 porsche-part-0671 porsche-part-0672","",""
"196","porsche-base-196","6379206","114","3","3","663626:1 6047276:2","porsche-part-0706 porsche-part-0717 porsche-part-0718","",""
"197","porsche-base-197","6379206","115","1","1","4211406:1","porsche-part-0673","",""
"198","porsche-base-198","6379206","115","2","2","621501:2","porsche-part-0680 porsche-part-0681","",""
"199","porsche-base-199","6379206","115","2","2","621501:2","porsche-part-0682 porsche-part-0683","",""
"200","porsche-base-200","6379206","115","4","4","6218822:4","porsche-part-0676 porsche-part-0677 porsche-part-0678 porsche-part-0679","",""
"201","porsche-base-201","6379206","116","6","6","6294351:2 4178429:2 4567445:2","porsche-part-0685 porsche-part-0686 porsche-part-0674 porsche-part-0675 porsche-part-0689 porsche-part-0690","",""
"202","porsche-base-202","6379206","116","3","3","6046979:1 6218822:1 6360036:1","porsche-part-0684 porsche-part-0688 porsche-part-0687","",""
"203","porsche-base-203","6379206","117","2","2","4515365:2","porsche-part-0691 porsche-part-0692","",""
"204","porsche-base-204","6379206","117","0","0","","","Join the front bumper sections","porsche-part-0673 porsche-part-0680 porsche-part-0681 porsche-part-0682 porsche-part-0683 porsche-part-0676 porsche-part-0677 porsche-part-0678 porsche-part-0679 porsche-part-0685 porsche-part-0686 porsche-part-0674 porsche-part-0675 porsche-part-0689 porsche-part-0690 porsche-part-0684 porsche-part-0688 porsche-part-0687 porsche-part-0691 porsche-part-0692"
"205","porsche-base-205","6379206","117","2","2","366623:2","porsche-part-0693 porsche-part-0694","",""
"206","porsche-base-206","6379206","118","4","4","370226:2 6279875:2","porsche-part-0695 porsche-part-0696 porsche-part-0697 porsche-part-0698","",""
"207","porsche-base-207","6379206","118","7","7","6214807:2 307026:2 447726:1 4227684:2","porsche-part-0703 porsche-part-0704 porsche-part-0702 porsche-part-0705 porsche-part-0699 porsche-part-0700 porsche-part-0701","",""
"208","porsche-base-208","6379206","119","2","2","663626:2","porsche-part-0707 porsche-part-0716","",""
"209","porsche-base-209","6379206","119","2","2","6228987:2","porsche-part-0708 porsche-part-0709","",""
"210","porsche-base-210","6379206","120","6","6","302121:2 366601:2 302401:2","porsche-part-0714 porsche-part-0715 porsche-part-0710 porsche-part-0711 porsche-part-0712 porsche-part-0713","",""
"211","porsche-base-211","6379206","121","2","2","4560178:2","porsche-part-0719 porsche-part-0720","",""
"212","porsche-base-212","6379206","121","10","10","241226:2 302326:2 4570877:2 4504369:2 6242241:2","porsche-part-0725 porsche-part-0729 porsche-part-0724 porsche-part-0728 porsche-part-0721 porsche-part-0726 porsche-part-0723 porsche-part-0727 porsche-part-0722 porsche-part-0730","",""
"213","porsche-base-213","6379206","122","0","0","","","Attach the front bumper","porsche-part-0648 porsche-part-0649 porsche-part-0650 porsche-part-0651 porsche-part-0652 porsche-part-0653 porsche-part-0654 porsche-part-0655 porsche-part-0656 porsche-part-0657 porsche-part-0658 porsche-part-0659 porsche-part-0660 porsche-part-0661 porsche-part-0662 porsche-part-0663 porsche-part-0664 porsche-part-0667 porsche-part-0665 porsche-part-0668 porsche-part-0669 porsche-part-0666 porsche-part-0670 porsche-part-0671 porsche-part-0672 porsche-part-0706 porsche-part-0717 porsche-part-0718 porsche-part-0673 porsche-part-0680 porsche-part-0681 porsche-part-0682 porsche-part-0683 porsche-part-0676 porsche-part-0677 porsche-part-0678 porsche-part-0679 porsche-part-0685 porsche-part-0686 porsche-part-0674 porsche-part-0675 porsche-part-0689 porsche-part-0690 porsche-part-0684 porsche-part-0688 porsche-part-0687 porsche-part-0691 porsche-part-0692 porsche-part-0693 porsche-part-0694 porsche-part-0695 porsche-part-0696 porsche-part-0697 porsche-part-0698 porsche-part-0703 porsche-part-0704 porsche-part-0702 porsche-part-0705 porsche-part-0699 porsche-part-0700 porsche-part-0701 porsche-part-0707 porsche-part-0716 porsche-part-0708 porsche-part-0709 porsche-part-0714 porsche-part-0715 porsche-part-0710 porsche-part-0711 porsche-part-0712 porsche-part-0713 porsche-part-0719 porsche-part-0720 porsche-part-0725 porsche-part-0729 porsche-part-0724 porsche-part-0728 porsche-part-0721 porsche-part-0726 porsche-part-0723 porsche-part-0727 porsche-part-0722 porsche-part-0730"
"214","porsche-base-214","6379206","123","4","4","244526:1 302121:2 4570877:1","porsche-part-0731 porsche-part-0732 porsche-part-0733 porsche-part-0734","",""
"215","porsche-base-215","6379206","124","5","5","663626:1 4211395:1 4161067:1 6257603:2","porsche-part-0735 porsche-part-0736 porsche-part-0737 porsche-part-0738 porsche-part-0739","",""
"216","porsche-base-216","6379206","125","12","12","307001:2 6156991:2 6214807:2 4178429:2 6218822:2 6195371:2","porsche-part-0742 porsche-part-0743 porsche-part-0748 porsche-part-0749 porsche-part-0750 porsche-part-0751 porsche-part-0740 porsche-part-0741 porsche-part-0746 porsche-part-0747 porsche-part-0744 porsche-part-0745","",""
"217","porsche-base-217","6379206","126","2","2","6023804:2","porsche-part-0752 porsche-part-0753","",""
"218","porsche-base-218","6379206","127","5","5","6178922:1 6321194:1 6278152:1 4570877:1 6158469:1","porsche-part-0754 porsche-part-0756 porsche-part-0755 porsche-part-0759 porsche-part-0757","",""
"219","porsche-base-219","6379206","128 129","10","10","4649741:1 6236582:1 4615606:1 4570877:3 6024495:1 366026:1 6250020:1 4548180:1","porsche-part-0762 porsche-part-0761 porsche-part-0766 porsche-part-0763 porsche-part-0764 porsche-part-0768 porsche-part-0758 porsche-part-0760 porsche-part-0765 porsche-part-0767","",""
"220","porsche-base-220","6379206","130","4","4","300426:2 302301:2","porsche-part-0831 porsche-part-0832 porsche-part-0829 porsche-part-0830","",""
"221","porsche-base-221","6379206","131","4","4","4114306:2 4211881:2","porsche-part-0835 porsche-part-0836 porsche-part-0833 porsche-part-0834","",""
"222","porsche-base-222","6379206","132","1","1","6102776:1","porsche-part-0877","",""
"223","porsche-base-223","6379206","132","1","1","302301:1","porsche-part-0878","",""
"224","porsche-base-224","6379206","132","2","2","302301:2","porsche-part-0879 porsche-part-0880","",""
"225","porsche-base-225","6379206","132","1","1","302001:1","porsche-part-0881","",""
"226","porsche-base-226","6379206","133","1","1","6033776:1","porsche-part-0883","",""
"227","porsche-base-227","6379206","133","1","1","6147792:1","porsche-part-0882","",""
"228","porsche-base-228","6379206","133","4","4","302401:1 6218841:1 4651232:2","porsche-part-0887 porsche-part-0886 porsche-part-0884 porsche-part-0885","",""
"229","porsche-base-229","6379206","134","3","3","300101:1 362201:1 300401:1","porsche-part-0890 porsche-part-0888 porsche-part-0889","",""
"230","porsche-base-230","6379206","134","3","3","4532972:1 362201:1 300401:1","porsche-part-0891 porsche-part-0892 porsche-part-0893","",""
"231","porsche-base-231","6379206","134","2","2","371001:1 302301:1","porsche-part-0895 porsche-part-0894","",""
"232","porsche-base-232","6379206","134","2","2","6097637:1 6218822:1","porsche-part-0897 porsche-part-0896","",""
"233","porsche-base-233","6379206","135","3","3","242001:1 371001:1 4225201:1","porsche-part-0898 porsche-part-0899 porsche-part-0900","",""
"234","porsche-base-234","6379206","135","3","3","6253418:1 302301:1 302401:1","porsche-part-0901 porsche-part-0903 porsche-part-0902","",""
"235","porsche-base-235","6379206","135","3","3","608101:1 6248827:2","porsche-part-0904 porsche-part-0905 porsche-part-0906","",""
"236","porsche-base-236","6379206","135","1","1","663601:1","porsche-part-0907","",""
"237","porsche-base-237","6379206","136","4","4","6240219:1 6069002:1 6339103:1 6210076:1","porsche-part-0911 porsche-part-0909 porsche-part-0908 porsche-part-0910","",""
"238","porsche-base-238","6379206","136","2","2","306901:1 6172366:1","porsche-part-0912 porsche-part-0913","",""
"239","porsche-base-239","6379206","136","3","3","302301:1 6248827:1 371001:1","porsche-part-0915 porsche-part-0916 porsche-part-0914","",""
"240","porsche-base-240","6379206","137","0","0","","","Attach the first door","porsche-part-0877 porsche-part-0878 porsche-part-0879 porsche-part-0880 porsche-part-0881 porsche-part-0883 porsche-part-0882 porsche-part-0887 porsche-part-0886 porsche-part-0884 porsche-part-0885 porsche-part-0890 porsche-part-0888 porsche-part-0889 porsche-part-0891 porsche-part-0892 porsche-part-0893 porsche-part-0895 porsche-part-0894 porsche-part-0897 porsche-part-0896 porsche-part-0898 porsche-part-0899 porsche-part-0900 porsche-part-0901 porsche-part-0903 porsche-part-0902 porsche-part-0904 porsche-part-0905 porsche-part-0906 porsche-part-0907 porsche-part-0911 porsche-part-0909 porsche-part-0908 porsche-part-0910 porsche-part-0912 porsche-part-0913 porsche-part-0915 porsche-part-0916 porsche-part-0914"
"241","porsche-base-241","6379206","138","1","1","6102776:1","porsche-part-0838","",""
"242","porsche-base-242","6379206","138","1","1","302301:1","porsche-part-0839","",""
"243","porsche-base-243","6379206","138","2","2","302301:2","porsche-part-0840 porsche-part-0841","",""
"244","porsche-base-244","6379206","138","1","1","302001:1","porsche-part-0842","",""
"245","porsche-base-245","6379206","139","1","1","6033776:1","porsche-part-0844","",""
"246","porsche-base-246","6379206","139","1","1","6147792:1","porsche-part-0843","",""
"247","porsche-base-247","6379206","139","4","4","4651232:2 6218841:1 302401:1","porsche-part-0845 porsche-part-0846 porsche-part-0847 porsche-part-0848","",""
"248","porsche-base-248","6379206","140","3","3","300101:1 362201:1 300401:1","porsche-part-0851 porsche-part-0849 porsche-part-0850","",""
"249","porsche-base-249","6379206","140","3","3","4532972:1 362201:1 300401:1","porsche-part-0852 porsche-part-0853 porsche-part-0854","",""
"250","porsche-base-250","6379206","140","2","2","371001:1 302301:1","porsche-part-0856 porsche-part-0855","",""
"251","porsche-base-251","6379206","140","2","2","6097637:1 6218822:1","porsche-part-0858 porsche-part-0857","",""
"252","porsche-base-252","6379206","141","3","3","242001:1 371001:1 4225201:1","porsche-part-0859 porsche-part-0860 porsche-part-0861","",""
"253","porsche-base-253","6379206","141","3","3","6253418:1 302301:1 302401:1","porsche-part-0862 porsche-part-0864 porsche-part-0863","",""
"254","porsche-base-254","6379206","142","4","4","6240219:1 6339103:1 6069002:1 6210076:1","porsche-part-0872 porsche-part-0869 porsche-part-0870 porsche-part-0871","",""
"255","porsche-base-255","6379206","142","2","2","306901:1 6172366:1","porsche-part-0873 porsche-part-0874","",""
"256","porsche-base-256","6379206","142","3","3","608101:1 6248827:2","porsche-part-0865 porsche-part-0837 porsche-part-0866","",""
"257","porsche-base-257","6379206","143","1","1","663601:1","porsche-part-0868","",""
"258","porsche-base-258","6379206","143","3","3","302301:1 6248827:1 371001:1","porsche-part-0876 porsche-part-0867 porsche-part-0875","",""
"259","porsche-base-259","6379206","144","0","0","","","Attach the opposite door","porsche-part-0838 porsche-part-0839 porsche-part-0840 porsche-part-0841 porsche-part-0842 porsche-part-0844 porsche-part-0843 porsche-part-0845 porsche-part-0846 porsche-part-0847 porsche-part-0848 porsche-part-0851 porsche-part-0849 porsche-part-0850 porsche-part-0852 porsche-part-0853 porsche-part-0854 porsche-part-0856 porsche-part-0855 porsche-part-0858 porsche-part-0857 porsche-part-0859 porsche-part-0860 porsche-part-0861 porsche-part-0862 porsche-part-0864 porsche-part-0863 porsche-part-0872 porsche-part-0869 porsche-part-0870 porsche-part-0871 porsche-part-0873 porsche-part-0874 porsche-part-0865 porsche-part-0837 porsche-part-0866 porsche-part-0868 porsche-part-0876 porsche-part-0867 porsche-part-0875"
"260","porsche-base-260","6379206","145","8","8","302001:2 302301:2 4227684:2 242026:2","porsche-part-0917 porsche-part-0918 porsche-part-0919 porsche-part-0920 porsche-part-0921 porsche-part-0922 porsche-part-0923 porsche-part-0924","",""
"261","porsche-base-261","6379206","146","10","10","663626:2 306926:2 302001:2 428701:2 428601:2","porsche-part-0929 porsche-part-0930 porsche-part-0927 porsche-part-0928 porsche-part-0925 porsche-part-0926 porsche-part-0931 porsche-part-0934 porsche-part-0932 porsche-part-0933","",""
"262","porsche-base-262","6379206","147","2","2","6102776:2","porsche-part-0935 porsche-part-0936","",""
"263","porsche-base-263","6379206","148","6","6","302301:4 6248827:2","porsche-part-0937 porsche-part-0938 porsche-part-0939 porsche-part-0940 porsche-part-0941 porsche-part-0942","",""
"264","porsche-base-264","6379206","149","2","2","302001:1 242026:1","porsche-part-0770 porsche-part-0772","",""
"265","porsche-base-265","6379206","149","1","1","346026:1","porsche-part-0769","",""
"266","porsche-base-266","6379206","149","2","2","302001:1 242026:1","porsche-part-0771 porsche-part-0773","",""
"267","porsche-base-267","6379206","149","5","5","371001:2 300426:1 614121:2","porsche-part-0775 porsche-part-0776 porsche-part-0774 porsche-part-0777 porsche-part-0778","",""
"268","porsche-base-268","6379206","150","3","3","6024495:2 6360036:1","porsche-part-0780 porsche-part-0781 porsche-part-0779","",""
"269","porsche-base-269","6379206","150","6","6","6347287:2 4249563:2 302301:2","porsche-part-0782 porsche-part-0783 porsche-part-0786 porsche-part-0787 porsche-part-0784 porsche-part-0785","",""
"270","porsche-base-270","6379206","150","2","2","366526:2","porsche-part-0790 porsche-part-0791","",""
"271","porsche-base-271","6379206","150","3","3","346026:1 242026:2","porsche-part-0788 porsche-part-0789 porsche-part-0792","",""
"272","porsche-base-272","6379206","151","2","2","4515373:2","porsche-part-0795 porsche-part-0796","",""
"273","porsche-base-273","6379206","151","4","4","6218841:2 614121:2","porsche-part-0797 porsche-part-0798 porsche-part-0793 porsche-part-0794","",""
"274","porsche-base-274","6379206","151","1","1","6338604:1","porsche-part-0799","",""
"275","porsche-base-275","6379206","152","11","11","383226:1 6342971:4 6340752:3 6329152:1 6329581:2","porsche-part-0800 porsche-part-0807 porsche-part-0808 porsche-part-0809 porsche-part-0810 porsche-part-0804 porsche-part-0805 porsche-part-0806 porsche-part-0801 porsche-part-0802 porsche-part-0803","",""
"276","porsche-base-276","6379206","153","3","3","663601:1 306901:2","porsche-part-0813 porsche-part-0811 porsche-part-0812","",""
"277","porsche-base-277","6379206","153","6","6","366601:2 243101:2 6034044:2","porsche-part-0818 porsche-part-0819 porsche-part-0814 porsche-part-0815 porsche-part-0816 porsche-part-0817","",""
"278","porsche-base-278","6379206","154","7","7","663626:1 6069002:6","porsche-part-0824 porsche-part-0820 porsche-part-0821 porsche-part-0822 porsche-part-0823 porsche-part-0825 porsche-part-0826","",""
"279","porsche-base-279","6379206","155","0","0","","","Attach the windscreen and dashboard","porsche-part-0770 porsche-part-0772 porsche-part-0769 porsche-part-0771 porsche-part-0773 porsche-part-0775 porsche-part-0776 porsche-part-0774 porsche-part-0777 porsche-part-0778 porsche-part-0780 porsche-part-0781 porsche-part-0779 porsche-part-0782 porsche-part-0783 porsche-part-0786 porsche-part-0787 porsche-part-0784 porsche-part-0785 porsche-part-0790 porsche-part-0791 porsche-part-0788 porsche-part-0789 porsche-part-0792 porsche-part-0795 porsche-part-0796 porsche-part-0797 porsche-part-0798 porsche-part-0793 porsche-part-0794 porsche-part-0799 porsche-part-0800 porsche-part-0807 porsche-part-0808 porsche-part-0809 porsche-part-0810 porsche-part-0804 porsche-part-0805 porsche-part-0806 porsche-part-0801 porsche-part-0802 porsche-part-0803 porsche-part-0813 porsche-part-0811 porsche-part-0812 porsche-part-0818 porsche-part-0819 porsche-part-0814 porsche-part-0815 porsche-part-0816 porsche-part-0817 porsche-part-0824 porsche-part-0820 porsche-part-0821 porsche-part-0822 porsche-part-0823 porsche-part-0825 porsche-part-0826"
"280","porsche-base-280","6379206","156","0","0","","","Tilt and click the windscreen into position","porsche-part-0770 porsche-part-0772 porsche-part-0769 porsche-part-0771 porsche-part-0773 porsche-part-0775 porsche-part-0776 porsche-part-0774 porsche-part-0777 porsche-part-0778 porsche-part-0780 porsche-part-0781 porsche-part-0779 porsche-part-0782 porsche-part-0783 porsche-part-0786 porsche-part-0787 porsche-part-0784 porsche-part-0785 porsche-part-0790 porsche-part-0791 porsche-part-0788 porsche-part-0789 porsche-part-0792 porsche-part-0795 porsche-part-0796 porsche-part-0797 porsche-part-0798 porsche-part-0793 porsche-part-0794 porsche-part-0799 porsche-part-0800 porsche-part-0807 porsche-part-0808 porsche-part-0809 porsche-part-0810 porsche-part-0804 porsche-part-0805 porsche-part-0806 porsche-part-0801 porsche-part-0802 porsche-part-0803 porsche-part-0813 porsche-part-0811 porsche-part-0812 porsche-part-0818 porsche-part-0819 porsche-part-0814 porsche-part-0815 porsche-part-0816 porsche-part-0817 porsche-part-0824 porsche-part-0820 porsche-part-0821 porsche-part-0822 porsche-part-0823 porsche-part-0825 porsche-part-0826"
"281","porsche-base-281","6379206","157 158","8","8","302323:1 300801:1 374726:1 614121:1 428701:1 6097637:1 302301:1 623101:1","porsche-part-0947 porsche-part-0951 porsche-part-0945 porsche-part-0953 porsche-part-0943 porsche-part-0949 porsche-part-0955 porsche-part-0957","",""
"282","porsche-base-282","6379206","159 160","8","8","302323:1 300801:1 374726:1 614121:1 428701:1 6097637:1 302301:1 623101:1","porsche-part-0948 porsche-part-0952 porsche-part-0946 porsche-part-0954 porsche-part-0944 porsche-part-0950 porsche-part-0956 porsche-part-0958","",""
"283","porsche-base-283","6379206","161","8","8","6023804:4 6218841:4","porsche-part-0960 porsche-part-0962 porsche-part-0964 porsche-part-0966 porsche-part-0959 porsche-part-0961 porsche-part-0963 porsche-part-0965","",""
"284","porsche-base-284","6379206","162","7","7","4538456:1 362326:1 4585448:1 6034044:1 614121:1 614123:2","porsche-part-0971 porsche-part-0968 porsche-part-0967 porsche-part-0973 porsche-part-0969 porsche-part-0970 porsche-part-0972","",""
"285","porsche-base-285","6379206","163","7","7","4538456:1 362326:1 4585448:1 6047276:1 614121:1 614123:2","porsche-part-0978 porsche-part-0974 porsche-part-0975 porsche-part-0981 porsche-part-0976 porsche-part-0977 porsche-part-0979","",""
"286","porsche-base-286","6379206","164 165","10","10","362301:2 302301:1 614121:1 4560929:1 428701:1 302401:1 4211393:1 4211438:1 302323:1","porsche-part-1003 porsche-part-1004 porsche-part-1001 porsche-part-0985 porsche-part-0995 porsche-part-0999 porsche-part-1009 porsche-part-1013 porsche-part-1007 porsche-part-1011","",""
"287","porsche-base-287","6379206","166","3","3","6195358:2 307001:1","porsche-part-1015 porsche-part-1016 porsche-part-1017","",""
"288","porsche-base-288","6379206","167","7","7","4538456:1 362326:1 4585448:1 6047276:1 614121:1 614123:2","porsche-part-0983 porsche-part-0986 porsche-part-0987 porsche-part-0994 porsche-part-0990 porsche-part-0982 porsche-part-0984","",""
"289","porsche-base-289","6379206","168","7","7","362326:1 4538456:1 4585448:1 6034044:1 614121:1 614123:2","porsche-part-0988 porsche-part-0992 porsche-part-0989 porsche-part-0980 porsche-part-0997 porsche-part-0991 porsche-part-0993","",""
"290","porsche-base-290","6379206","169 170","10","10","362301:2 302301:1 614121:1 4560929:1 428701:1 302401:1 4211393:1 4211438:1 302323:1","porsche-part-1005 porsche-part-1006 porsche-part-1002 porsche-part-0998 porsche-part-0996 porsche-part-1000 porsche-part-1010 porsche-part-1014 porsche-part-1008 porsche-part-1012","",""
"291","porsche-base-291","6379206","171","3","3","6195358:2 307001:1","porsche-part-1019 porsche-part-1020 porsche-part-1018","",""
"292","porsche-base-292","6379206","172 173","20","20","4515367:2 6347310:2 6279875:2 614121:2 4179771:4 6244730:2 4667578:2 6093527:2 6284071:2","porsche-part-1026 porsche-part-1036 porsche-part-1024 porsche-part-1034 porsche-part-1023 porsche-part-1033 porsche-part-1030 porsche-part-1040 porsche-part-1021 porsche-part-1022 porsche-part-1031 porsche-part-1032 porsche-part-1029 porsche-part-1039 porsche-part-1028 porsche-part-1038 porsche-part-1027 porsche-part-1037 porsche-part-1025 porsche-part-1035","",""
"293","porsche-base-293","6379206","174","12","12","6248827:10 6285777:2","porsche-part-1043 porsche-part-1044 porsche-part-1045 porsche-part-1046 porsche-part-1047 porsche-part-1048 porsche-part-1049 porsche-part-1050 porsche-part-1051 porsche-part-1052 porsche-part-1041 porsche-part-1042","",""
"294","porsche-base-294","6379206","175","4","4","416201:2 306901:2","porsche-part-1054 porsche-part-1055 porsche-part-1053 porsche-part-1056","",""
"295","porsche-base-295","6379206","176","6","6","6294284:4 6248827:2","porsche-part-1058 porsche-part-1059 porsche-part-1061 porsche-part-1062 porsche-part-1057 porsche-part-1060","",""
"296","porsche-base-296","6379206","177","3","3","447726:1 6104805:2","porsche-part-1066 porsche-part-1063 porsche-part-1064","",""
"297","porsche-base-297","6379206","177","1","1","4211462:1","porsche-part-1065","",""
"298","porsche-base-298","6379206","177","2","2","4211396:2","porsche-part-1067 porsche-part-1068","",""
"299","porsche-base-299","6379206","178","4","4","4515364:4","porsche-part-1070 porsche-part-1071 porsche-part-1072 porsche-part-1073","",""
"300","porsche-base-300","6379206","178","1","1","4211462:1","porsche-part-1069","",""
"301","porsche-base-301","6379206","178","3","3","6047220:3","porsche-part-1074 porsche-part-1075 porsche-part-1076","",""
"302","porsche-base-302","6379206","178","3","3","663601:1 4560178:2","porsche-part-1079 porsche-part-1077 porsche-part-1078","",""
"303","porsche-base-303","6379206","179","5","5","6253935:4 6342994:1","porsche-part-1080 porsche-part-1082 porsche-part-1083 porsche-part-1084 porsche-part-1081","",""
"304","porsche-base-304","6379206","179","1","1","4286009:1","porsche-part-1085","",""
"305","porsche-base-305","6379206","180","0","0","","","Attach the front bonnet","porsche-part-1066 porsche-part-1063 porsche-part-1064 porsche-part-1065 porsche-part-1067 porsche-part-1068 porsche-part-1070 porsche-part-1071 porsche-part-1072 porsche-part-1073 porsche-part-1069 porsche-part-1074 porsche-part-1075 porsche-part-1076 porsche-part-1079 porsche-part-1077 porsche-part-1078 porsche-part-1080 porsche-part-1082 porsche-part-1083 porsche-part-1084 porsche-part-1081 porsche-part-1085"
"306","porsche-turbo-1","6379206","183","2","2","4211396:1 6000650:1","porsche-part-1086 porsche-part-1087","",""
"307","porsche-turbo-2","6379206","183","2","2","6114987:1 614121:1","porsche-part-1088 porsche-part-1090","",""
"308","porsche-turbo-3","6379206","184","2","2","4211349:1 4206482:1","porsche-part-1089 porsche-part-1096","",""
"309","porsche-turbo-4","6379206","184","1","1","4211397:1","porsche-part-1116","",""
"310","porsche-turbo-5","6379206","184","3","3","393726:1 302226:1 4548180:1","porsche-part-1111 porsche-part-1114 porsche-part-1113","",""
"311","porsche-turbo-6","6379206","184","4","4","6114987:2 4159007:1 4124096:1","porsche-part-1091 porsche-part-1092 porsche-part-1115 porsche-part-1112","",""
"312","porsche-turbo-7","6379206","185","0","0","","","Fit the Turbo engine intake","porsche-part-1086 porsche-part-1087 porsche-part-1088 porsche-part-1090 porsche-part-1089 porsche-part-1096 porsche-part-1116 porsche-part-1111 porsche-part-1114 porsche-part-1113 porsche-part-1091 porsche-part-1092 porsche-part-1115 porsche-part-1112"
"313","porsche-turbo-8","6379206","186 187 188 189","17","17","6093526:1 6267136:1 6265704:1 4206482:1 4211445:2 6320297:1 6183782:2 6262085:4 6345089:1 6291069:1 6331716:1 4142865:1","porsche-part-1100 porsche-part-1102 porsche-part-1101 porsche-part-1110 porsche-part-1093 porsche-part-1094 porsche-part-1103 porsche-part-1108 porsche-part-1109 porsche-part-1104 porsche-part-1105 porsche-part-1106 porsche-part-1107 porsche-part-1098 porsche-part-1099 porsche-part-1095 porsche-part-1097","",""
"314","porsche-turbo-9","6379206","190","2","2","6321769:1 6291068:1","porsche-part-1117 porsche-part-1118","",""
"315","porsche-turbo-10","6379206","191 192","13","13","4243819:1 306226:1 614126:1 371026:1 317626:1 241226:7 307026:1","porsche-part-1121 porsche-part-1130 porsche-part-1131 porsche-part-1119 porsche-part-1120 porsche-part-1123 porsche-part-1124 porsche-part-1125 porsche-part-1126 porsche-part-1127 porsche-part-1128 porsche-part-1129 porsche-part-1122","",""
"316","porsche-turbo-11","6379206","193 194","10","10","6253231:2 346026:1 300526:2 6343002:1 366601:1 6023804:1 300501:2","porsche-part-1150 porsche-part-1151 porsche-part-1142 porsche-part-1144 porsche-part-1147 porsche-part-1149 porsche-part-1143 porsche-part-1148 porsche-part-1145 porsche-part-1146","",""
"317","porsche-turbo-12","6379206","195 196","10","10","6253231:2 346026:1 300526:2 6343853:1 366601:1 6023804:1 300501:2","porsche-part-1140 porsche-part-1141 porsche-part-1132 porsche-part-1134 porsche-part-1137 porsche-part-1139 porsche-part-1133 porsche-part-1138 porsche-part-1135 porsche-part-1136","",""
"318","porsche-turbo-13","6379206","197 198 199","14","14","4257526:1 362326:2 663626:1 243126:2 6133722:2 365926:2 4162443:2 6267131:2","porsche-part-1152 porsche-part-1153 porsche-part-1154 porsche-part-1161 porsche-part-1162 porsche-part-1163 porsche-part-1164 porsche-part-1165 porsche-part-1155 porsche-part-1156 porsche-part-1159 porsche-part-1160 porsche-part-1157 porsche-part-1158","",""
"319","porsche-turbo-14","6379206","200 201 202","17","17","6288588:1 300801:1 243101:2 6186681:2 303401:1 4515364:2 302401:2 4614158:1 6074893:2 6313115:2 306901:1","porsche-part-1172 porsche-part-1177 porsche-part-1180 porsche-part-1181 porsche-part-1173 porsche-part-1174 porsche-part-1166 porsche-part-1170 porsche-part-1171 porsche-part-1178 porsche-part-1179 porsche-part-1169 porsche-part-1167 porsche-part-1168 porsche-part-1175 porsche-part-1176 porsche-part-1182","",""
"320","porsche-turbo-15","6379206","203","4","4","6035405:2 243101:2","porsche-part-1184 porsche-part-1186 porsche-part-1183 porsche-part-1185","",""
"321","porsche-turbo-16","6379206","204","1","1","4599044:1","porsche-part-1187","",""
"322","porsche-turbo-17","6379206","204","2","2","243101:2","porsche-part-1190 porsche-part-1191","",""
"323","porsche-turbo-18","6379206","204","7","7","241226:7","porsche-part-1194 porsche-part-1195 porsche-part-1196 porsche-part-1197 porsche-part-1198 porsche-part-1199 porsche-part-1200","",""
"324","porsche-turbo-19","6379206","204","1","1","379501:1","porsche-part-1189","",""
"325","porsche-turbo-20","6379206","205","4","4","241226:4","porsche-part-1201 porsche-part-1202 porsche-part-1203 porsche-part-1204","",""
"326","porsche-turbo-21","6379206","205","1","1","4599044:1","porsche-part-1188","",""
"327","porsche-turbo-22","6379206","205","6","6","243101:2 241226:4","porsche-part-1192 porsche-part-1193 porsche-part-1205 porsche-part-1206 porsche-part-1207 porsche-part-1208","",""
"328","porsche-turbo-23","6379206","206","1","1","366601:1","porsche-part-1216","",""
"329","porsche-turbo-24","6379206","206","4","4","6000650:4","porsche-part-1209 porsche-part-1210 porsche-part-1211 porsche-part-1212","",""
"330","porsche-turbo-25","6379206","206","2","2","6266201:2","porsche-part-1217 porsche-part-1218","",""
"331","porsche-turbo-26","6379206","206","3","3","663601:1 6034044:2","porsche-part-1213 porsche-part-1214 porsche-part-1215","",""
"332","porsche-turbo-27","6379206","207","2","2","300501:2","porsche-part-1219 porsche-part-1220","",""
"333","porsche-turbo-28","6379206","207","2","2","6337079:2","porsche-part-1221 porsche-part-1222","",""
"334","porsche-turbo-29","6379206","207","0","0","","","Join the spoiler hinge support to the engine cover","porsche-part-1216 porsche-part-1209 porsche-part-1210 porsche-part-1211 porsche-part-1212 porsche-part-1217 porsche-part-1218 porsche-part-1213 porsche-part-1214 porsche-part-1215 porsche-part-1219 porsche-part-1220 porsche-part-1221 porsche-part-1222"
"335","porsche-turbo-30","6379206","208","2","2","346026:1 6192346:1","porsche-part-1223 porsche-part-1224","",""
"336","porsche-turbo-31","6379206","208","2","2","6105963:2","porsche-part-1226 porsche-part-1227","",""
"337","porsche-turbo-32","6379206","208","5","5","663626:1 306926:2 6191630:2","porsche-part-1230 porsche-part-1231 porsche-part-1232 porsche-part-1233 porsche-part-1234","",""
"338","porsche-turbo-33","6379206","208","2","2","6325190:2","porsche-part-1228 porsche-part-1229","",""
"339","porsche-turbo-34","6379206","209","6","6","6174243:2 4278359:2 614126:2","porsche-part-1225 porsche-part-1235 porsche-part-1238 porsche-part-1239 porsche-part-1236 porsche-part-1237","",""
"340","porsche-turbo-35","6379206","209","2","2","6192346:2","porsche-part-1240 porsche-part-1241","",""
"341","porsche-turbo-36","6379206","209","4","4","307026:2 6181713:1 6181720:1","porsche-part-1242 porsche-part-1243 porsche-part-1245 porsche-part-1244","",""
"342","porsche-turbo-37","6379206","210","0","0","","","Join the black spoiler rim to the engine cover","porsche-part-1223 porsche-part-1224 porsche-part-1226 porsche-part-1227 porsche-part-1230 porsche-part-1231 porsche-part-1232 porsche-part-1233 porsche-part-1234 porsche-part-1228 porsche-part-1229 porsche-part-1225 porsche-part-1235 porsche-part-1238 porsche-part-1239 porsche-part-1236 porsche-part-1237 porsche-part-1240 porsche-part-1241 porsche-part-1242 porsche-part-1243 porsche-part-1245 porsche-part-1244"
"343","porsche-turbo-38","6379206","210","11","11","4257526:1 6266244:2 6070698:3 6342999:1 6047220:4","porsche-part-1246 porsche-part-1250 porsche-part-1251 porsche-part-1247 porsche-part-1248 porsche-part-1249 porsche-part-1252 porsche-part-1253 porsche-part-1254 porsche-part-1255 porsche-part-1256","",""
"344","porsche-turbo-39","6379206","211","0","0","","","Fold the hinged Turbo trim into position","porsche-part-1246 porsche-part-1250 porsche-part-1251 porsche-part-1247 porsche-part-1248 porsche-part-1249 porsche-part-1252 porsche-part-1253 porsche-part-1254 porsche-part-1255 porsche-part-1256"
"345","porsche-turbo-40","6379206","212","0","0","","","Attach the completed engine cover and spoiler","porsche-part-1187 porsche-part-1190 porsche-part-1191 porsche-part-1194 porsche-part-1195 porsche-part-1196 porsche-part-1197 porsche-part-1198 porsche-part-1199 porsche-part-1200 porsche-part-1189 porsche-part-1201 porsche-part-1202 porsche-part-1203 porsche-part-1204 porsche-part-1188 porsche-part-1192 porsche-part-1193 porsche-part-1205 porsche-part-1206 porsche-part-1207 porsche-part-1208 porsche-part-1216 porsche-part-1209 porsche-part-1210 porsche-part-1211 porsche-part-1212 porsche-part-1217 porsche-part-1218 porsche-part-1213 porsche-part-1214 porsche-part-1215 porsche-part-1219 porsche-part-1220 porsche-part-1221 porsche-part-1222 porsche-part-1223 porsche-part-1224 porsche-part-1226 porsche-part-1227 porsche-part-1230 porsche-part-1231 porsche-part-1232 porsche-part-1233 porsche-part-1234 porsche-part-1228 porsche-part-1229 porsche-part-1225 porsche-part-1235 porsche-part-1238 porsche-part-1239 porsche-part-1236 porsche-part-1237 porsche-part-1240 porsche-part-1241 porsche-part-1242 porsche-part-1243 porsche-part-1245 porsche-part-1244 porsche-part-1246 porsche-part-1250 porsche-part-1251 porsche-part-1247 porsche-part-1248 porsche-part-1249 porsche-part-1252 porsche-part-1253 porsche-part-1254 porsche-part-1255 porsche-part-1256"
"346","porsche-turbo-41","6379206","213 214 215","18","18","4211462:1 244501:1 366601:2 6253935:6 4560178:2 4515364:2 6058329:2 6348055:2","porsche-part-1258 porsche-part-1257 porsche-part-1259 porsche-part-1260 porsche-part-1261 porsche-part-1262 porsche-part-1263 porsche-part-1264 porsche-part-1265 porsche-part-1266 porsche-part-1271 porsche-part-1272 porsche-part-1267 porsche-part-1268 porsche-part-1269 porsche-part-1270 porsche-part-0827 porsche-part-0828","",""
"347","porsche-turbo-42","6379206","216","0","0","","","Lower and seat the roof panel","porsche-part-1258 porsche-part-1257 porsche-part-1259 porsche-part-1260 porsche-part-1261 porsche-part-1262 porsche-part-1263 porsche-part-1264 porsche-part-1265 porsche-part-1266 porsche-part-1271 porsche-part-1272 porsche-part-1267 porsche-part-1268 porsche-part-1269 porsche-part-1270 porsche-part-0827 porsche-part-0828"
"348","porsche-turbo-43","6379206","217","1","1","4211462:1","porsche-part-1273","",""
"349","porsche-turbo-44","6379206","217","1","1","244501:1","porsche-part-1274","",""
"350","porsche-turbo-45","6379206","217","5","5","4508553:1 6099736:2 4513174:1 4666579:1","porsche-part-1284 porsche-part-1275 porsche-part-1276 porsche-part-1286 porsche-part-1287","",""
"351","porsche-turbo-46","6379206","218","5","5","4508553:1 6099736:2 4513174:1 4666579:1","porsche-part-1285 porsche-part-1277 porsche-part-1278 porsche-part-1289 porsche-part-1288","",""
"352","porsche-turbo-47","6379206","218","5","5","302323:5","porsche-part-1279 porsche-part-1280 porsche-part-1281 porsche-part-1282 porsche-part-1283","",""
"353","porsche-turbo-48","6379206","218","5","5","4113233:2 6360036:1 302323:2","porsche-part-1293 porsche-part-1294 porsche-part-1292 porsche-part-1290 porsche-part-1291","",""
"354","porsche-turbo-49","6379206","219","2","2","663624:2","porsche-part-1295 porsche-part-1296","",""
"355","porsche-turbo-50","6379206","219","4","4","4211526:2 6102138:2","porsche-part-1299 porsche-part-1300 porsche-part-1297 porsche-part-1298","",""
"356","porsche-turbo-51","6379206","219","2","2","4667578:2","porsche-part-1301 porsche-part-1302","",""
"357","porsche-turbo-52","6379206","220","0","0","","","Fit the rear axle under the chassis","porsche-part-1273 porsche-part-1274 porsche-part-1284 porsche-part-1275 porsche-part-1276 porsche-part-1286 porsche-part-1287 porsche-part-1285 porsche-part-1277 porsche-part-1278 porsche-part-1289 porsche-part-1288 porsche-part-1279 porsche-part-1280 porsche-part-1281 porsche-part-1282 porsche-part-1283 porsche-part-1293 porsche-part-1294 porsche-part-1292 porsche-part-1290 porsche-part-1291 porsche-part-1295 porsche-part-1296 porsche-part-1299 porsche-part-1300 porsche-part-1297 porsche-part-1298 porsche-part-1301 porsche-part-1302"
"358","porsche-turbo-53","6379206","221","8","8","302401:2 6248827:2 362326:2 4504382:2","porsche-part-1304 porsche-part-1308 porsche-part-1305 porsche-part-1310 porsche-part-1303 porsche-part-1307 porsche-part-1306 porsche-part-1309","",""
"359","porsche-turbo-54","6379206","222","8","8","302301:4 6046979:4","porsche-part-1312 porsche-part-1314 porsche-part-1316 porsche-part-1318 porsche-part-1311 porsche-part-1313 porsche-part-1315 porsche-part-1317","",""
"360","porsche-turbo-55","6379206","223","10","10","6213880:1 6213881:1 6034044:2 6174243:1 6176240:3 302301:2","porsche-part-1333 porsche-part-1323 porsche-part-1322 porsche-part-1327 porsche-part-1319 porsche-part-1320 porsche-part-1324 porsche-part-1325 porsche-part-1321 porsche-part-1328","",""
"361","porsche-turbo-56","6379206","224","10","10","6213880:1 6213881:1 302301:2 6174243:1 6176240:3 6034044:2","porsche-part-1337 porsche-part-1326 porsche-part-1331 porsche-part-1338 porsche-part-1329 porsche-part-1330 porsche-part-1334 porsche-part-1335 porsche-part-1332 porsche-part-1336","",""
"362","porsche-turbo-57","6379206","225","5","5","302401:2 6166894:1 6334516:2","porsche-part-1341 porsche-part-1342 porsche-part-1343 porsche-part-1339 porsche-part-1340","",""
"363","porsche-turbo-58","6379206","226","5","5","302401:2 6166894:1 6334516:2","porsche-part-1344 porsche-part-1345 porsche-part-1346 porsche-part-1347 porsche-part-1348","",""
"364","porsche-turbo-59","6379206","227","8","8","6055626:4 6339150:4","porsche-part-1350 porsche-part-1352 porsche-part-1356 porsche-part-1359 porsche-part-1349 porsche-part-1351 porsche-part-1355 porsche-part-1358","",""
"365","porsche-turbo-60","6379206","228","4","4","6271165:4","porsche-part-1353 porsche-part-1354 porsche-part-1357 porsche-part-1360","",""
"366","porsche-turbo-61","6379206","229","2","2","6343015:2","porsche-part-1361 porsche-part-1362","",""