"LDraw part filename","LDraw color code","Modeled quantity","Model author","Model and library credits"
"10928.dat","72","4","Philippe Hurbain (Philo)","https://johnson-lee-v0.github.io/LEGO-Collection/official/42083/MODEL-CREDITS.md"
"11211.dat","71","1","Philippe Hurbain (Philo)","https://johnson-lee-v0.github.io/LEGO-Collection/official/42083/MODEL-CREDITS.md"
"11212.dat","0","1","Philippe Hurbain (Philo)","https://johnson-lee-v0.github.io/LEGO-Collection/official/42083/MODEL-CREDITS.md"
"11212.dat","15","2","Philippe Hurbain (Philo)","https://johnson-lee-v0.github.io/LEGO-Collection/official/42083/MODEL-CREDITS.md"
"11214.dat","4","84","Philippe Hurbain (Philo)","https://johnson-lee-v0.github.io/LEGO-Collection/official/42083/MODEL-CREDITS.md"
"11458.dat","15","2","Philippe Hurbain (Philo)","https://johnson-lee-v0.github.io/LEGO-Collection/official/42083/MODEL-CREDITS.md"
"11477.dat","28","10","Philippe Hurbain (Philo)","https://johnson-lee-v0.github.io/LEGO-Collection/official/42083/MODEL-CREDITS.md"
"11477.dat","71","4","Philippe Hurbain (Philo)","https://johnson-lee-v0.github.io/LEGO-Collection/official/42083/MODEL-CREDITS.md"
"11477.dat","72","4","Philippe Hurbain (Philo)","https://johnson-lee-v0.github.io/LEGO-Collection/official/42083/MODEL-CREDITS.md"
"11478.dat","71","8","Philippe Hurbain (Philo)","https://johnson-lee-v0.github.io/LEGO-Collection/official/42083/MODEL-CREDITS.md"
"11946.dat","0","8","Philippe Hurbain (Philo)","https://johnson-lee-v0.github.io/LEGO-Collection/official/42083/MODEL-CREDITS.md"
"11946.dat","4","2","Philippe Hurbain (Philo)","https://johnson-lee-v0.github.io/LEGO-Collection/official/42083/MODEL-CREDITS.md"
"11946.dat","28","7","Philippe Hurbain (Philo)","https://johnson-lee-v0.github.io/LEGO-Collection/official/42083/MODEL-CREDITS.md"
"11946.dat","71","1","Philippe Hurbain (Philo)","https://johnson-lee-v0.github.io/LEGO-Collection/official/42083/MODEL-CREDITS.md"
"11946.dat","272","6","Philippe Hurbain (Philo)","https://johnson-lee-v0.github.io/LEGO-Collection/official/42083/MODEL-CREDITS.md"
"11946.dat","321","1","Philippe Hurbain (Philo)","https://johnson-lee-v0.github.io/LEGO-Collection/official/42083/MODEL-CREDITS.md"
"11947.dat","0","8","Philippe Hurbain (Philo)","https://johnson-lee-v0.github.io/LEGO-Collection/official/42083/MODEL-CREDITS.md"
"11947.dat","4","2","Philippe Hurbain (Philo)","https://johnson-lee-v0.github.io/LEGO-Collection/official/42083/MODEL-CREDITS.md"
"11947.dat","28","7","Philippe Hurbain (Philo)","https://johnson-lee-v0.github.io/LEGO-Collection/official/42083/MODEL-CREDITS.md"
"11947.dat","71","1","Philippe Hurbain (Philo)","https://johnson-lee-v0.github.io/LEGO-Collection/official/42083/MODEL-CREDITS.md"
"11947.dat","272","6","Philippe Hurbain (Philo)","https://johnson-lee-v0.github.io/LEGO-Collection/official/42083/MODEL-CREDITS.md"
"11947.dat","321","1","Philippe Hurbain (Philo)","https://johnson-lee-v0.github.io/LEGO-Collection/official/42083/MODEL-CREDITS.md"
"11950.dat","71","2","Philippe Hurbain (Philo)","https://johnson-lee-v0.github.io/LEGO-Collection/official/42083/MODEL-CREDITS.md"
"13731.dat","71","2","Philippe Hurbain (Philo)","https://johnson-lee-v0.github.io/LEGO-Collection/official/42083/MODEL-CREDITS.md"
"13731.dat","321","4","Philippe Hurbain (Philo)","https://johnson-lee-v0.github.io/LEGO-Collection/official/42083/MODEL-CREDITS.md"
"14720.dat","71","6","Philippe Hurbain (Philo)","https://johnson-lee-v0.github.io/LEGO-Collection/official/42083/MODEL-CREDITS.md"
"14769.dat","0","3","Philippe Hurbain (Philo)","https://johnson-lee-v0.github.io/LEGO-Collection/official/42083/MODEL-CREDITS.md"
"15068.dat","28","16","Philippe Hurbain (Philo)","https://johnson-lee-v0.github.io/LEGO-Collection/official/42083/MODEL-CREDITS.md"
"15068.dat","272","1","Philippe Hurbain (Philo)","https://johnson-lee-v0.github.io/LEGO-Collection/official/42083/MODEL-CREDITS.md"
"15100.dat","0","30","Philippe Hurbain (Philo)","https://johnson-lee-v0.github.io/LEGO-Collection/official/42083/MODEL-CREDITS.md"
"15100.dat","1","17","Philippe Hurbain (Philo)","https://johnson-lee-v0.github.io/LEGO-Collection/official/42083/MODEL-CREDITS.md"
"15391.dat","71","2","Philippe Hurbain (Philo)","https://johnson-lee-v0.github.io/LEGO-Collection/official/42083/MODEL-CREDITS.md"
"15458.dat","0","7","Philippe Hurbain (Philo)","https://johnson-lee-v0.github.io/LEGO-Collection/official/42083/MODEL-CREDITS.md"
"15458.dat","272","4","Philippe Hurbain (Philo)","https://johnson-lee-v0.github.io/LEGO-Collection/official/42083/MODEL-CREDITS.md"
"15459.dat","71","4","Philippe Hurbain (Philo)","https://johnson-lee-v0.github.io/LEGO-Collection/official/42083/MODEL-CREDITS.md"
"15462.dat","70","5","Philippe Hurbain (Philo)","https://johnson-lee-v0.github.io/LEGO-Collection/official/42083/MODEL-CREDITS.md"
"15573.dat","0","3","Philippe Hurbain (Philo)","https://johnson-lee-v0.github.io/LEGO-Collection/official/42083/MODEL-CREDITS.md"
"15672.dat","321","4","Philippe Hurbain (Philo)","https://johnson-lee-v0.github.io/LEGO-Collection/official/42083/MODEL-CREDITS.md"
"15712.dat","71","2","Philippe Hurbain (Philo)","https://johnson-lee-v0.github.io/LEGO-Collection/official/42083/MODEL-CREDITS.md"
"18575.dat","19","7","Philippe Hurbain (Philo)","https://johnson-lee-v0.github.io/LEGO-Collection/official/42083/MODEL-CREDITS.md"
"18651.dat","0","29","Philippe Hurbain (Philo)","https://johnson-lee-v0.github.io/LEGO-Collection/official/42083/MODEL-CREDITS.md"
"18654.dat","0","12","Philippe Hurbain (Philo)","https://johnson-lee-v0.github.io/LEGO-Collection/official/42083/MODEL-CREDITS.md"
"18654.dat","15","23","Philippe Hurbain (Philo)","https://johnson-lee-v0.github.io/LEGO-Collection/official/42083/MODEL-CREDITS.md"
"18677.dat","0","2","Philippe Hurbain (Philo)","https://johnson-lee-v0.github.io/LEGO-Collection/official/42083/MODEL-CREDITS.md"
"18677.dat","4","4","Philippe Hurbain (Philo)","https://johnson-lee-v0.github.io/LEGO-Collection/official/42083/MODEL-CREDITS.md"
"18944.dat","0","1","Philippe Hurbain (Philo)","https://johnson-lee-v0.github.io/LEGO-Collection/official/42083/MODEL-CREDITS.md"
"18944.dat","272","6","Philippe Hurbain (Philo)","https://johnson-lee-v0.github.io/LEGO-Collection/official/42083/MODEL-CREDITS.md"
"18945.dat","0","2","Philippe Hurbain (Philo)","https://johnson-lee-v0.github.io/LEGO-Collection/official/42083/MODEL-CREDITS.md"
"18946.dat","4","11","Philippe Hurbain (Philo)","https://johnson-lee-v0.github.io/LEGO-Collection/official/42083/MODEL-CREDITS.md"
"18947.dat","72","5","Philippe Hurbain (Philo)","https://johnson-lee-v0.github.io/LEGO-Collection/official/42083/MODEL-CREDITS.md"
"18948.dat","15","8","Philippe Hurbain (Philo)","https://johnson-lee-v0.github.io/LEGO-Collection/official/42083/MODEL-CREDITS.md"
"20482.dat","0","8","Philippe Hurbain (Philo)","https://johnson-lee-v0.github.io/LEGO-Collection/official/42083/MODEL-CREDITS.md"
"22961.dat","71","17","Philippe Hurbain (Philo)","https://johnson-lee-v0.github.io/LEGO-Collection/official/42083/MODEL-CREDITS.md"
"23799.dat","0","4","Philippe Hurbain (Philo)","https://johnson-lee-v0.github.io/LEGO-Collection/official/42083/MODEL-CREDITS.md"
"23948.dat","71","1","Philippe Hurbain (Philo)","https://johnson-lee-v0.github.io/LEGO-Collection/official/42083/MODEL-CREDITS.md"
"24116.dat","272","2","Philippe Hurbain (Philo)","https://johnson-lee-v0.github.io/LEGO-Collection/official/42083/MODEL-CREDITS.md"
"24118.dat","272","2","Philippe Hurbain (Philo)","https://johnson-lee-v0.github.io/LEGO-Collection/official/42083/MODEL-CREDITS.md"
"24118.dat","321","2","Philippe Hurbain (Philo)","https://johnson-lee-v0.github.io/LEGO-Collection/official/42083/MODEL-CREDITS.md"
"24119.dat","0","1","Philippe Hurbain (Philo)","https://johnson-lee-v0.github.io/LEGO-Collection/official/42083/MODEL-CREDITS.md"
"24119.dat","28","3","Philippe Hurbain (Philo)","https://johnson-lee-v0.github.io/LEGO-Collection/official/42083/MODEL-CREDITS.md"
"2412b.dat","0","40","Philippe Hurbain (Philo)","https://johnson-lee-v0.github.io/LEGO-Collection/official/42083/MODEL-CREDITS.md"
"2412b.dat","179","6","Philippe Hurbain (Philo)","https://johnson-lee-v0.github.io/LEGO-Collection/official/42083/MODEL-CREDITS.md"
"24246.dat","71","1","Philippe Hurbain (Philo)","https://johnson-lee-v0.github.io/LEGO-Collection/official/42083/MODEL-CREDITS.md"
"24299.dat","321","1","Philippe Hurbain (Philo)","https://johnson-lee-v0.github.io/LEGO-Collection/official/42083/MODEL-CREDITS.md"
"24307.dat","321","1","Philippe Hurbain (Philo)","https://johnson-lee-v0.github.io/LEGO-Collection/official/42083/MODEL-CREDITS.md"
"2431.dat","15","1","Philippe Hurbain (Philo)","https://johnson-lee-v0.github.io/LEGO-Collection/official/42083/MODEL-CREDITS.md"
"2431.dat","71","3","Philippe Hurbain (Philo)","https://johnson-lee-v0.github.io/LEGO-Collection/official/42083/MODEL-CREDITS.md"
"2431.dat","321","2","Philippe Hurbain (Philo)","https://johnson-lee-v0.github.io/LEGO-Collection/official/42083/MODEL-CREDITS.md"
"24316.dat","70","18","Philippe Hurbain (Philo)","https://johnson-lee-v0.github.io/LEGO-Collection/official/42083/MODEL-CREDITS.md"
"2445.dat","71","1","Philippe Hurbain (Philo)","https://johnson-lee-v0.github.io/LEGO-Collection/official/42083/MODEL-CREDITS.md"
"24505.dat","72","6","Philippe Hurbain (Philo)","https://johnson-lee-v0.github.io/LEGO-Collection/official/42083/MODEL-CREDITS.md"
"2540.dat","72","4","Philippe Hurbain (Philo)","https://johnson-lee-v0.github.io/LEGO-Collection/official/42083/MODEL-CREDITS.md"
"26287.dat","71","6","Philippe Hurbain (Philo)","https://johnson-lee-v0.github.io/LEGO-Collection/official/42083/MODEL-CREDITS.md"
"2654.dat","72","4","Philippe Hurbain (Philo)","https://johnson-lee-v0.github.io/LEGO-Collection/official/42083/MODEL-CREDITS.md"
"2730.dat","0","4","Philippe Hurbain (Philo)","https://johnson-lee-v0.github.io/LEGO-Collection/official/42083/MODEL-CREDITS.md"
"2730.dat","71","1","Philippe Hurbain (Philo)","https://johnson-lee-v0.github.io/LEGO-Collection/official/42083/MODEL-CREDITS.md"
"2736.dat","71","5","Philippe Hurbain (Philo)","https://johnson-lee-v0.github.io/LEGO-Collection/official/42083/MODEL-CREDITS.md"
"2739a.dat","0","2","Philippe Hurbain (Philo)","https://johnson-lee-v0.github.io/LEGO-Collection/official/42083/MODEL-CREDITS.md"
"2741.dat","0","1","Philippe Hurbain (Philo)","https://johnson-lee-v0.github.io/LEGO-Collection/official/42083/MODEL-CREDITS.md"
"2780.dat","0","677","Philippe Hurbain (Philo)","https://johnson-lee-v0.github.io/LEGO-Collection/official/42083/MODEL-CREDITS.md"
"2850b.dat","71","16","Philippe Hurbain (Philo)","https://johnson-lee-v0.github.io/LEGO-Collection/official/42083/MODEL-CREDITS.md"
"2851.dat","14","16","Philippe Hurbain (Philo)","https://johnson-lee-v0.github.io/LEGO-Collection/official/42083/MODEL-CREDITS.md"
"2852.dat","71","16","Philippe Hurbain (Philo)","https://johnson-lee-v0.github.io/LEGO-Collection/official/42083/MODEL-CREDITS.md"
"2853.dat","14","6","Philippe Hurbain (Philo)","https://johnson-lee-v0.github.io/LEGO-Collection/official/42083/MODEL-CREDITS.md"
"2854.dat","19","9","Philippe Hurbain (Philo)","https://johnson-lee-v0.github.io/LEGO-Collection/official/42083/MODEL-CREDITS.md"
"29119.dat","0","1","Philippe Hurbain (Philo)","https://johnson-lee-v0.github.io/LEGO-Collection/official/42083/MODEL-CREDITS.md"
"29119.dat","72","4","Philippe Hurbain (Philo)","https://johnson-lee-v0.github.io/LEGO-Collection/official/42083/MODEL-CREDITS.md"
"29119.dat","272","3","Philippe Hurbain (Philo)","https://johnson-lee-v0.github.io/LEGO-Collection/official/42083/MODEL-CREDITS.md"
"29120.dat","0","1","Philippe Hurbain (Philo)","https://johnson-lee-v0.github.io/LEGO-Collection/official/42083/MODEL-CREDITS.md"
"29120.dat","72","4","Philippe Hurbain (Philo)","https://johnson-lee-v0.github.io/LEGO-Collection/official/42083/MODEL-CREDITS.md"
"29120.dat","272","3","Philippe Hurbain (Philo)","https://johnson-lee-v0.github.io/LEGO-Collection/official/42083/MODEL-CREDITS.md"
"3020.dat","0","4","Philippe Hurbain (Philo)","https://johnson-lee-v0.github.io/LEGO-Collection/official/42083/MODEL-CREDITS.md"
"3020.dat","28","4","Philippe Hurbain (Philo)","https://johnson-lee-v0.github.io/LEGO-Collection/official/42083/MODEL-CREDITS.md"
"3020.dat","72","1","Philippe Hurbain (Philo)","https://johnson-lee-v0.github.io/LEGO-Collection/official/42083/MODEL-CREDITS.md"
"3021.dat","28","2","Philippe Hurbain (Philo)","https://johnson-lee-v0.github.io/LEGO-Collection/official/42083/MODEL-CREDITS.md"
"3022.dat","0","1","Philippe Hurbain (Philo)","https://johnson-lee-v0.github.io/LEGO-Collection/official/42083/MODEL-CREDITS.md"
"3022.dat","28","1","Philippe Hurbain (Philo)","https://johnson-lee-v0.github.io/LEGO-Collection/official/42083/MODEL-CREDITS.md"
"3023.dat","0","4","Philippe Hurbain (Philo)","https://johnson-lee-v0.github.io/LEGO-Collection/official/42083/MODEL-CREDITS.md"
"3023.dat","15","2","Philippe Hurbain (Philo)","https://johnson-lee-v0.github.io/LEGO-Collection/official/42083/MODEL-CREDITS.md"
"3023.dat","28","3","Philippe Hurbain (Philo)","https://johnson-lee-v0.github.io/LEGO-Collection/official/42083/MODEL-CREDITS.md"
"3023.dat","71","5","Philippe Hurbain (Philo)","https://johnson-lee-v0.github.io/LEGO-Collection/official/42083/MODEL-CREDITS.md"
"3023.dat","321","2","Philippe Hurbain (Philo)","https://johnson-lee-v0.github.io/LEGO-Collection/official/42083/MODEL-CREDITS.md"
"3024.dat","0","2","Philippe Hurbain (Philo)","https://johnson-lee-v0.github.io/LEGO-Collection/official/42083/MODEL-CREDITS.md"
"3024.dat","15","2","Philippe Hurbain (Philo)","https://johnson-lee-v0.github.io/LEGO-Collection/official/42083/MODEL-CREDITS.md"
"3024.dat","47","8","Philippe Hurbain (Philo)","https://johnson-lee-v0.github.io/LEGO-Collection/official/42083/MODEL-CREDITS.md"
"3034.dat","71","2","Philippe Hurbain (Philo)","https://johnson-lee-v0.github.io/LEGO-Collection/official/42083/MODEL-CREDITS.md"
"30503.dat","71","2","Philippe Hurbain (Philo)","https://johnson-lee-v0.github.io/LEGO-Collection/official/42083/MODEL-CREDITS.md"
"3069b.dat","0","1","Philippe Hurbain (Philo)","https://johnson-lee-v0.github.io/LEGO-Collection/official/42083/MODEL-CREDITS.md"
"3069b.dat","28","1","Philippe Hurbain (Philo)","https://johnson-lee-v0.github.io/LEGO-Collection/official/42083/MODEL-CREDITS.md"
"3069b.dat","272","2","Philippe Hurbain (Philo)","https://johnson-lee-v0.github.io/LEGO-Collection/official/42083/MODEL-CREDITS.md"
"3069b.dat","321","4","Philippe Hurbain (Philo)","https://johnson-lee-v0.github.io/LEGO-Collection/official/42083/MODEL-CREDITS.md"
"3070b.dat","0","1","Philippe Hurbain (Philo)","https://johnson-lee-v0.github.io/LEGO-Collection/official/42083/MODEL-CREDITS.md"
"3070b.dat","28","2","Philippe Hurbain (Philo)","https://johnson-lee-v0.github.io/LEGO-Collection/official/42083/MODEL-CREDITS.md"
"32000.dat","0","10","Philippe Hurbain (Philo)","https://johnson-lee-v0.github.io/LEGO-Collection/official/42083/MODEL-CREDITS.md"
"32002.dat","19","2","Philippe Hurbain (Philo)","https://johnson-lee-v0.github.io/LEGO-Collection/official/42083/MODEL-CREDITS.md"
"32009.dat","0","20","Philippe Hurbain (Philo)","https://johnson-lee-v0.github.io/LEGO-Collection/official/42083/MODEL-CREDITS.md"
"32009.dat","28","8","Philippe Hurbain (Philo)","https://johnson-lee-v0.github.io/LEGO-Collection/official/42083/MODEL-CREDITS.md"
"32013.dat","0","12","Philippe Hurbain (Philo)","https://johnson-lee-v0.github.io/LEGO-Collection/official/42083/MODEL-CREDITS.md"
"32013.dat","71","7","Philippe Hurbain (Philo)","https://johnson-lee-v0.github.io/LEGO-Collection/official/42083/MODEL-CREDITS.md"
"32015.dat","71","4","Philippe Hurbain (Philo)","https://johnson-lee-v0.github.io/LEGO-Collection/official/42083/MODEL-CREDITS.md"
"32016.dat","0","8","Philippe Hurbain (Philo)","https://johnson-lee-v0.github.io/LEGO-Collection/official/42083/MODEL-CREDITS.md"
"32034.dat","0","5","Philippe Hurbain (Philo)","https://johnson-lee-v0.github.io/LEGO-Collection/official/42083/MODEL-CREDITS.md"
"32034.dat","25","3","Philippe Hurbain (Philo)","https://johnson-lee-v0.github.io/LEGO-Collection/official/42083/MODEL-CREDITS.md"
"32034.dat","71","6","Philippe Hurbain (Philo)","https://johnson-lee-v0.github.io/LEGO-Collection/official/42083/MODEL-CREDITS.md"
"32039.dat","0","8","Philippe Hurbain (Philo)","https://johnson-lee-v0.github.io/LEGO-Collection/official/42083/MODEL-CREDITS.md"
"32054.dat","25","17","Philippe Hurbain (Philo)","https://johnson-lee-v0.github.io/LEGO-Collection/official/42083/MODEL-CREDITS.md"
"32054.dat","71","79","Philippe Hurbain (Philo)","https://johnson-lee-v0.github.io/LEGO-Collection/official/42083/MODEL-CREDITS.md"
"32062.dat","4","60","Philippe Hurbain (Philo)","https://johnson-lee-v0.github.io/LEGO-Collection/official/42083/MODEL-CREDITS.md"
"32072.dat","14","7","Philippe Hurbain (Philo)","https://johnson-lee-v0.github.io/LEGO-Collection/official/42083/MODEL-CREDITS.md"
"32073.dat","71","21","Philippe Hurbain (Philo)","https://johnson-lee-v0.github.io/LEGO-Collection/official/42083/MODEL-CREDITS.md"
"32123b.dat","14","18","Philippe Hurbain (Philo)","https://johnson-lee-v0.github.io/LEGO-Collection/official/42083/MODEL-CREDITS.md"
"32124.dat","1","1","Philippe Hurbain (Philo)","https://johnson-lee-v0.github.io/LEGO-Collection/official/42083/MODEL-CREDITS.md"
"32126.dat","0","4","Philippe Hurbain (Philo)","https://johnson-lee-v0.github.io/LEGO-Collection/official/42083/MODEL-CREDITS.md"
"32140.dat","0","35","Philippe Hurbain (Philo)","https://johnson-lee-v0.github.io/LEGO-Collection/official/42083/MODEL-CREDITS.md"
"32140.dat","272","6","Philippe Hurbain (Philo)","https://johnson-lee-v0.github.io/LEGO-Collection/official/42083/MODEL-CREDITS.md"
"32140.dat","321","12","Philippe Hurbain (Philo)","https://johnson-lee-v0.github.io/LEGO-Collection/official/42083/MODEL-CREDITS.md"
"32184.dat","14","9","Philippe Hurbain (Philo)","https://johnson-lee-v0.github.io/LEGO-Collection/official/42083/MODEL-CREDITS.md"
"32184.dat","71","10","Philippe Hurbain (Philo)","https://johnson-lee-v0.github.io/LEGO-Collection/official/42083/MODEL-CREDITS.md"
"32192.dat","321","6","Philippe Hurbain (Philo)","https://johnson-lee-v0.github.io/LEGO-Collection/official/42083/MODEL-CREDITS.md"
"32270.dat","0","8","Philippe Hurbain (Philo)","https://johnson-lee-v0.github.io/LEGO-Collection/official/42083/MODEL-CREDITS.md"
"32271.dat","71","2","Philippe Hurbain (Philo)","https://johnson-lee-v0.github.io/LEGO-Collection/official/42083/MODEL-CREDITS.md"
"32278.dat","0","30","Philippe Hurbain (Philo)","https://johnson-lee-v0.github.io/LEGO-Collection/official/42083/MODEL-CREDITS.md"
"32278.dat","272","10","Philippe Hurbain (Philo)","https://johnson-lee-v0.github.io/LEGO-Collection/official/42083/MODEL-CREDITS.md"
"32291.dat","71","10","Philippe Hurbain (Philo)","https://johnson-lee-v0.github.io/LEGO-Collection/official/42083/MODEL-CREDITS.md"
"32316.dat","0","61","Philippe Hurbain (Philo)","https://johnson-lee-v0.github.io/LEGO-Collection/official/42083/MODEL-CREDITS.md"
"32316.dat","27","3","Philippe Hurbain (Philo)","https://johnson-lee-v0.github.io/LEGO-Collection/official/42083/MODEL-CREDITS.md"
"32316.dat","71","5","Philippe Hurbain (Philo)","https://johnson-lee-v0.github.io/LEGO-Collection/official/42083/MODEL-CREDITS.md"
"32316.dat","321","4","Philippe Hurbain (Philo)","https://johnson-lee-v0.github.io/LEGO-Collection/official/42083/MODEL-CREDITS.md"
"32333.dat","71","2","Philippe Hurbain (Philo)","https://johnson-lee-v0.github.io/LEGO-Collection/official/42083/MODEL-CREDITS.md"
"32494.dat","71","4","Philippe Hurbain (Philo)","https://johnson-lee-v0.github.io/LEGO-Collection/official/42083/MODEL-CREDITS.md"
"32523.dat","71","61","Philippe Hurbain (Philo)","https://johnson-lee-v0.github.io/LEGO-Collection/official/42083/MODEL-CREDITS.md"
"32524.dat","0","34","Philippe Hurbain (Philo)","https://johnson-lee-v0.github.io/LEGO-Collection/official/42083/MODEL-CREDITS.md"
"32524.dat","14","1","Philippe Hurbain (Philo)","https://johnson-lee-v0.github.io/LEGO-Collection/official/42083/MODEL-CREDITS.md"
"32524.dat","71","6","Philippe Hurbain (Philo)","https://johnson-lee-v0.github.io/LEGO-Collection/official/42083/MODEL-CREDITS.md"
"32524.dat","272","10","Philippe Hurbain (Philo)","https://johnson-lee-v0.github.io/LEGO-Collection/official/42083/MODEL-CREDITS.md"
"32524.dat","321","11","Philippe Hurbain (Philo)","https://johnson-lee-v0.github.io/LEGO-Collection/official/42083/MODEL-CREDITS.md"
"32525.dat","0","22","Philippe Hurbain (Philo)","https://johnson-lee-v0.github.io/LEGO-Collection/official/42083/MODEL-CREDITS.md"
"32525.dat","71","1","Philippe Hurbain (Philo)","https://johnson-lee-v0.github.io/LEGO-Collection/official/42083/MODEL-CREDITS.md"
"32525.dat","272","20","Philippe Hurbain (Philo)","https://johnson-lee-v0.github.io/LEGO-Collection/official/42083/MODEL-CREDITS.md"
"32525.dat","321","9","Philippe Hurbain (Philo)","https://johnson-lee-v0.github.io/LEGO-Collection/official/42083/MODEL-CREDITS.md"
"32526.dat","71","54","Philippe Hurbain (Philo)","https://johnson-lee-v0.github.io/LEGO-Collection/official/42083/MODEL-CREDITS.md"
"32526.dat","272","12","Philippe Hurbain (Philo)","https://johnson-lee-v0.github.io/LEGO-Collection/official/42083/MODEL-CREDITS.md"
"32526.dat","321","8","Philippe Hurbain (Philo)","https://johnson-lee-v0.github.io/LEGO-Collection/official/42083/MODEL-CREDITS.md"
"32529.dat","0","1","Philippe Hurbain (Philo)","https://johnson-lee-v0.github.io/LEGO-Collection/official/42083/MODEL-CREDITS.md"
"32556.dat","19","10","Philippe Hurbain (Philo)","https://johnson-lee-v0.github.io/LEGO-Collection/official/42083/MODEL-CREDITS.md"
"3460.dat","71","2","Philippe Hurbain (Philo)","https://johnson-lee-v0.github.io/LEGO-Collection/official/42083/MODEL-CREDITS.md"
"3460.dat","72","2","Philippe Hurbain (Philo)","https://johnson-lee-v0.github.io/LEGO-Collection/official/42083/MODEL-CREDITS.md"
"3623.dat","0","2","Philippe Hurbain (Philo)","https://johnson-lee-v0.github.io/LEGO-Collection/official/42083/MODEL-CREDITS.md"
"3623.dat","1","2","Philippe Hurbain (Philo)","https://johnson-lee-v0.github.io/LEGO-Collection/official/42083/MODEL-CREDITS.md"
"3623.dat","15","2","Philippe Hurbain (Philo)","https://johnson-lee-v0.github.io/LEGO-Collection/official/42083/MODEL-CREDITS.md"
"3623.dat","28","4","Philippe Hurbain (Philo)","https://johnson-lee-v0.github.io/LEGO-Collection/official/42083/MODEL-CREDITS.md"
"3666.dat","272","2","Philippe Hurbain (Philo)","https://johnson-lee-v0.github.io/LEGO-Collection/official/42083/MODEL-CREDITS.md"
"3673.dat","71","4","Philippe Hurbain (Philo)","https://johnson-lee-v0.github.io/LEGO-Collection/official/42083/MODEL-CREDITS.md"
"3705.dat","0","9","Philippe Hurbain (Philo)","https://johnson-lee-v0.github.io/LEGO-Collection/official/42083/MODEL-CREDITS.md"
"3706.dat","4","10","Philippe Hurbain (Philo)","https://johnson-lee-v0.github.io/LEGO-Collection/official/42083/MODEL-CREDITS.md"
"3707.dat","0","5","Philippe Hurbain (Philo)","https://johnson-lee-v0.github.io/LEGO-Collection/official/42083/MODEL-CREDITS.md"
"3710.dat","0","1","Philippe Hurbain (Philo)","https://johnson-lee-v0.github.io/LEGO-Collection/official/42083/MODEL-CREDITS.md"
"3710.dat","1","2","Philippe Hurbain (Philo)","https://johnson-lee-v0.github.io/LEGO-Collection/official/42083/MODEL-CREDITS.md"
"3710.dat","15","2","Philippe Hurbain (Philo)","https://johnson-lee-v0.github.io/LEGO-Collection/official/42083/MODEL-CREDITS.md"
"3710.dat","28","4","Philippe Hurbain (Philo)","https://johnson-lee-v0.github.io/LEGO-Collection/official/42083/MODEL-CREDITS.md"
"3710.dat","272","2","Philippe Hurbain (Philo)","https://johnson-lee-v0.github.io/LEGO-Collection/official/42083/MODEL-CREDITS.md"
"3713.dat","71","22","Philippe Hurbain (Philo)","https://johnson-lee-v0.github.io/LEGO-Collection/official/42083/MODEL-CREDITS.md"
"3737.dat","4","1","Philippe Hurbain (Philo)","https://johnson-lee-v0.github.io/LEGO-Collection/official/42083/MODEL-CREDITS.md"
"3749.dat","19","1","Philippe Hurbain (Philo)","https://johnson-lee-v0.github.io/LEGO-Collection/official/42083/MODEL-CREDITS.md"
"40490.dat","71","15","Philippe Hurbain (Philo)","https://johnson-lee-v0.github.io/LEGO-Collection/official/42083/MODEL-CREDITS.md"
"41239.dat","71","10","Philippe Hurbain (Philo)","https://johnson-lee-v0.github.io/LEGO-Collection/official/42083/MODEL-CREDITS.md"
"41239.dat","272","2","Philippe Hurbain (Philo)","https://johnson-lee-v0.github.io/LEGO-Collection/official/42083/MODEL-CREDITS.md"
"4162.dat","272","2","Philippe Hurbain (Philo)","https://johnson-lee-v0.github.io/LEGO-Collection/official/42083/MODEL-CREDITS.md"
"41669.dat","0","2","Philippe Hurbain (Philo)","https://johnson-lee-v0.github.io/LEGO-Collection/official/42083/MODEL-CREDITS.md"
"41669.dat","321","2","Philippe Hurbain (Philo)","https://johnson-lee-v0.github.io/LEGO-Collection/official/42083/MODEL-CREDITS.md"
"41677.dat","4","1","Philippe Hurbain (Philo)","https://johnson-lee-v0.github.io/LEGO-Collection/official/42083/MODEL-CREDITS.md"
"41677.dat","71","15","Philippe Hurbain (Philo)","https://johnson-lee-v0.github.io/LEGO-Collection/official/42083/MODEL-CREDITS.md"
"41678.dat","0","2","Philippe Hurbain (Philo)","https://johnson-lee-v0.github.io/LEGO-Collection/official/42083/MODEL-CREDITS.md"
"41678.dat","71","1","Philippe Hurbain (Philo)","https://johnson-lee-v0.github.io/LEGO-Collection/official/42083/MODEL-CREDITS.md"
"41769.dat","272","1","Philippe Hurbain (Philo)","https://johnson-lee-v0.github.io/LEGO-Collection/official/42083/MODEL-CREDITS.md"
"41770.dat","272","1","Philippe Hurbain (Philo)","https://johnson-lee-v0.github.io/LEGO-Collection/official/42083/MODEL-CREDITS.md"
"42003.dat","0","64","Philippe Hurbain (Philo)","https://johnson-lee-v0.github.io/LEGO-Collection/official/42083/MODEL-CREDITS.md"
"42003.dat","321","6","Philippe Hurbain (Philo)","https://johnson-lee-v0.github.io/LEGO-Collection/official/42083/MODEL-CREDITS.md"
"42083 - 10197.dat","72","2","Philippe Hurbain (Philo)","https://johnson-lee-v0.github.io/LEGO-Collection/official/42083/MODEL-CREDITS.md"
"42083 - 23801.dat","0","2","Philippe Hurbain (Philo)","https://johnson-lee-v0.github.io/LEGO-Collection/official/42083/MODEL-CREDITS.md"
"42083 - 33299a.dat","0","6","Philippe Hurbain (Philo)","https://johnson-lee-v0.github.io/LEGO-Collection/official/42083/MODEL-CREDITS.md"
"42083 - 35185.dat","1","4","Philippe Hurbain (Philo)","https://johnson-lee-v0.github.io/LEGO-Collection/official/42083/MODEL-CREDITS.md"
"42083 - 35186.dat","14","1","Philippe Hurbain (Philo)","https://johnson-lee-v0.github.io/LEGO-Collection/official/42083/MODEL-CREDITS.md"
"42083 - 35188.dat","25","2","Philippe Hurbain (Philo)","https://johnson-lee-v0.github.io/LEGO-Collection/official/42083/MODEL-CREDITS.md"
"42083 - 35189.dat","72","4","Philippe Hurbain (Philo)","https://johnson-lee-v0.github.io/LEGO-Collection/official/42083/MODEL-CREDITS.md"
"42083 - 37383p01.dat","272","4","Philippe Hurbain (Philo)","https://johnson-lee-v0.github.io/LEGO-Collection/official/42083/MODEL-CREDITS.md"
"42083 - 55615.dat","71","10","Philippe Hurbain (Philo)","https://johnson-lee-v0.github.io/LEGO-Collection/official/42083/MODEL-CREDITS.md"
"42083 - 98138pt1.dat","272","4","Philippe Hurbain (Philo)","https://johnson-lee-v0.github.io/LEGO-Collection/official/42083/MODEL-CREDITS.md"
"42083 - rigid3mmhose-1.ldr","4","1","Philippe Hurbain (Philo)","https://johnson-lee-v0.github.io/LEGO-Collection/official/42083/MODEL-CREDITS.md"
"42083 - rubberbandround-1.ldr","14","1","Philippe Hurbain (Philo)","https://johnson-lee-v0.github.io/LEGO-Collection/official/42083/MODEL-CREDITS.md"
"42083 - rubberbandround-2.ldr","511","1","Philippe Hurbain (Philo)","https://johnson-lee-v0.github.io/LEGO-Collection/official/42083/MODEL-CREDITS.md"
"42083 - rubberbandround-3.ldr","511","1","Philippe Hurbain (Philo)","https://johnson-lee-v0.github.io/LEGO-Collection/official/42083/MODEL-CREDITS.md"
"42083 - shock-06_5l-hard-1.ldr","14","4","Philippe Hurbain (Philo)","https://johnson-lee-v0.github.io/LEGO-Collection/official/42083/MODEL-CREDITS.md"
"42083 - shock-06_5l-hard-2.ldr","14","4","Philippe Hurbain (Philo)","https://johnson-lee-v0.github.io/LEGO-Collection/official/42083/MODEL-CREDITS.md"
"42083 - stringstudslq-1.ldr","0","2","Philippe Hurbain (Philo)","https://johnson-lee-v0.github.io/LEGO-Collection/official/42083/MODEL-CREDITS.md"
"42083 - technicflexaxle-1.ldr","272","1","Philippe Hurbain (Philo)","https://johnson-lee-v0.github.io/LEGO-Collection/official/42083/MODEL-CREDITS.md"
"42083 - technicflexaxle-2.ldr","272","1","Philippe Hurbain (Philo)","https://johnson-lee-v0.github.io/LEGO-Collection/official/42083/MODEL-CREDITS.md"
"42083 - technicflexaxle-3.ldr","0","1","Philippe Hurbain (Philo)","https://johnson-lee-v0.github.io/LEGO-Collection/official/42083/MODEL-CREDITS.md"
"42083 - technicflexaxle-4.ldr","321","1","Philippe Hurbain (Philo)","https://johnson-lee-v0.github.io/LEGO-Collection/official/42083/MODEL-CREDITS.md"
"42083 - technicflexaxle-5.ldr","321","1","Philippe Hurbain (Philo)","https://johnson-lee-v0.github.io/LEGO-Collection/official/42083/MODEL-CREDITS.md"
"42083 - technicflexaxle-6.ldr","321","1","Philippe Hurbain (Philo)","https://johnson-lee-v0.github.io/LEGO-Collection/official/42083/MODEL-CREDITS.md"
"42083 - technicflexaxle-7.ldr","0","1","Philippe Hurbain (Philo)","https://johnson-lee-v0.github.io/LEGO-Collection/official/42083/MODEL-CREDITS.md"
"42083 - technicflexaxle-8.ldr","0","1","Philippe Hurbain (Philo)","https://johnson-lee-v0.github.io/LEGO-Collection/official/42083/MODEL-CREDITS.md"
"42083 - technicflexsyshose-1.ldr","71","1","Philippe Hurbain (Philo)","https://johnson-lee-v0.github.io/LEGO-Collection/official/42083/MODEL-CREDITS.md"
"42083 - technicflexsyshose-2.ldr","71","1","Philippe Hurbain (Philo)","https://johnson-lee-v0.github.io/LEGO-Collection/official/42083/MODEL-CREDITS.md"
"42083 - technicflexsyshose-3.ldr","71","1","Philippe Hurbain (Philo)","https://johnson-lee-v0.github.io/LEGO-Collection/official/42083/MODEL-CREDITS.md"
"42083 - technicflexsyshose-4.ldr","71","1","Philippe Hurbain (Philo)","https://johnson-lee-v0.github.io/LEGO-Collection/official/42083/MODEL-CREDITS.md"
"42083 - technicflexsyshose-5.ldr","272","1","Philippe Hurbain (Philo)","https://johnson-lee-v0.github.io/LEGO-Collection/official/42083/MODEL-CREDITS.md"
"42083 - universal-joint-1.ldr","71","2","Philippe Hurbain (Philo)","https://johnson-lee-v0.github.io/LEGO-Collection/official/42083/MODEL-CREDITS.md"
"42083 - universal-joint-2.ldr","71","1","Philippe Hurbain (Philo)","https://johnson-lee-v0.github.io/LEGO-Collection/official/42083/MODEL-CREDITS.md"
"42083 - universal-joint-3.ldr","71","1","Philippe Hurbain (Philo)","https://johnson-lee-v0.github.io/LEGO-Collection/official/42083/MODEL-CREDITS.md"
"42610.dat","71","1","Philippe Hurbain (Philo)","https://johnson-lee-v0.github.io/LEGO-Collection/official/42083/MODEL-CREDITS.md"
"4274.dat","71","63","Philippe Hurbain (Philo)","https://johnson-lee-v0.github.io/LEGO-Collection/official/42083/MODEL-CREDITS.md"
"4287a.dat","0","2","Philippe Hurbain (Philo)","https://johnson-lee-v0.github.io/LEGO-Collection/official/42083/MODEL-CREDITS.md"
"4287a.dat","71","2","Philippe Hurbain (Philo)","https://johnson-lee-v0.github.io/LEGO-Collection/official/42083/MODEL-CREDITS.md"
"43093.dat","1","171","Philippe Hurbain (Philo)","https://johnson-lee-v0.github.io/LEGO-Collection/official/42083/MODEL-CREDITS.md"
"43857.dat","14","2","Philippe Hurbain (Philo)","https://johnson-lee-v0.github.io/LEGO-Collection/official/42083/MODEL-CREDITS.md"
"44294.dat","14","9","Philippe Hurbain (Philo)","https://johnson-lee-v0.github.io/LEGO-Collection/official/42083/MODEL-CREDITS.md"
"44809.dat","71","1","Philippe Hurbain (Philo)","https://johnson-lee-v0.github.io/LEGO-Collection/official/42083/MODEL-CREDITS.md"
"4519.dat","14","35","Philippe Hurbain (Philo)","https://johnson-lee-v0.github.io/LEGO-Collection/official/42083/MODEL-CREDITS.md"
"48729b.dat","0","2","Philippe Hurbain (Philo)","https://johnson-lee-v0.github.io/LEGO-Collection/official/42083/MODEL-CREDITS.md"
"48729b.dat","71","8","Philippe Hurbain (Philo)","https://johnson-lee-v0.github.io/LEGO-Collection/official/42083/MODEL-CREDITS.md"
"48989.dat","71","4","Philippe Hurbain (Philo)","https://johnson-lee-v0.github.io/LEGO-Collection/official/42083/MODEL-CREDITS.md"
"50303.dat","0","2","Philippe Hurbain (Philo)","https://johnson-lee-v0.github.io/LEGO-Collection/official/42083/MODEL-CREDITS.md"
"52107.dat","28","2","Philippe Hurbain (Philo)","https://johnson-lee-v0.github.io/LEGO-Collection/official/42083/MODEL-CREDITS.md"
"54200.dat","71","3","Philippe Hurbain (Philo)","https://johnson-lee-v0.github.io/LEGO-Collection/official/42083/MODEL-CREDITS.md"
"55013.dat","72","4","Philippe Hurbain (Philo)","https://johnson-lee-v0.github.io/LEGO-Collection/official/42083/MODEL-CREDITS.md"
"59426.dat","72","7","Philippe Hurbain (Philo)","https://johnson-lee-v0.github.io/LEGO-Collection/official/42083/MODEL-CREDITS.md"
"59443.dat","0","11","Philippe Hurbain (Philo)","https://johnson-lee-v0.github.io/LEGO-Collection/official/42083/MODEL-CREDITS.md"
"59443.dat","4","8","Philippe Hurbain (Philo)","https://johnson-lee-v0.github.io/LEGO-Collection/official/42083/MODEL-CREDITS.md"
"59443.dat","14","6","Philippe Hurbain (Philo)","https://johnson-lee-v0.github.io/LEGO-Collection/official/42083/MODEL-CREDITS.md"
"60484.dat","71","42","Philippe Hurbain (Philo)","https://johnson-lee-v0.github.io/LEGO-Collection/official/42083/MODEL-CREDITS.md"
"60485.dat","71","1","Philippe Hurbain (Philo)","https://johnson-lee-v0.github.io/LEGO-Collection/official/42083/MODEL-CREDITS.md"
"60897.dat","0","4","Philippe Hurbain (Philo)","https://johnson-lee-v0.github.io/LEGO-Collection/official/42083/MODEL-CREDITS.md"
"61069.dat","71","2","Philippe Hurbain (Philo)","https://johnson-lee-v0.github.io/LEGO-Collection/official/42083/MODEL-CREDITS.md"
"6141.dat","15","5","Philippe Hurbain (Philo)","https://johnson-lee-v0.github.io/LEGO-Collection/official/42083/MODEL-CREDITS.md"
"61678.dat","272","2","Philippe Hurbain (Philo)","https://johnson-lee-v0.github.io/LEGO-Collection/official/42083/MODEL-CREDITS.md"
"62462.dat","25","3","Philippe Hurbain (Philo)","https://johnson-lee-v0.github.io/LEGO-Collection/official/42083/MODEL-CREDITS.md"
"62531.dat","0","1","Philippe Hurbain (Philo)","https://johnson-lee-v0.github.io/LEGO-Collection/official/42083/MODEL-CREDITS.md"
"62531.dat","321","2","Philippe Hurbain (Philo)","https://johnson-lee-v0.github.io/LEGO-Collection/official/42083/MODEL-CREDITS.md"
"62821.dat","72","2","Philippe Hurbain (Philo)","https://johnson-lee-v0.github.io/LEGO-Collection/official/42083/MODEL-CREDITS.md"
"63864.dat","28","8","Philippe Hurbain (Philo)","https://johnson-lee-v0.github.io/LEGO-Collection/official/42083/MODEL-CREDITS.md"
"63869.dat","0","44","Philippe Hurbain (Philo)","https://johnson-lee-v0.github.io/LEGO-Collection/official/42083/MODEL-CREDITS.md"
"64178.dat","71","1","Philippe Hurbain (Philo)","https://johnson-lee-v0.github.io/LEGO-Collection/official/42083/MODEL-CREDITS.md"
"64179.dat","0","16","Philippe Hurbain (Philo)","https://johnson-lee-v0.github.io/LEGO-Collection/official/42083/MODEL-CREDITS.md"
"64392.dat","272","1","Philippe Hurbain (Philo)","https://johnson-lee-v0.github.io/LEGO-Collection/official/42083/MODEL-CREDITS.md"
"64392.dat","321","1","Philippe Hurbain (Philo)","https://johnson-lee-v0.github.io/LEGO-Collection/official/42083/MODEL-CREDITS.md"
"64393.dat","272","2","Philippe Hurbain (Philo)","https://johnson-lee-v0.github.io/LEGO-Collection/official/42083/MODEL-CREDITS.md"
"64393.dat","321","2","Philippe Hurbain (Philo)","https://johnson-lee-v0.github.io/LEGO-Collection/official/42083/MODEL-CREDITS.md"
"64394.dat","0","2","Philippe Hurbain (Philo)","https://johnson-lee-v0.github.io/LEGO-Collection/official/42083/MODEL-CREDITS.md"
"64394.dat","272","2","Philippe Hurbain (Philo)","https://johnson-lee-v0.github.io/LEGO-Collection/official/42083/MODEL-CREDITS.md"
"64394.dat","321","2","Philippe Hurbain (Philo)","https://johnson-lee-v0.github.io/LEGO-Collection/official/42083/MODEL-CREDITS.md"
"64680.dat","0","2","Philippe Hurbain (Philo)","https://johnson-lee-v0.github.io/LEGO-Collection/official/42083/MODEL-CREDITS.md"
"64680.dat","272","2","Philippe Hurbain (Philo)","https://johnson-lee-v0.github.io/LEGO-Collection/official/42083/MODEL-CREDITS.md"
"64680.dat","321","2","Philippe Hurbain (Philo)","https://johnson-lee-v0.github.io/LEGO-Collection/official/42083/MODEL-CREDITS.md"
"64681.dat","272","2","Philippe Hurbain (Philo)","https://johnson-lee-v0.github.io/LEGO-Collection/official/42083/MODEL-CREDITS.md"
"64681.dat","321","2","Philippe Hurbain (Philo)","https://johnson-lee-v0.github.io/LEGO-Collection/official/42083/MODEL-CREDITS.md"
"64682.dat","272","1","Philippe Hurbain (Philo)","https://johnson-lee-v0.github.io/LEGO-Collection/official/42083/MODEL-CREDITS.md"
"64682.dat","321","1","Philippe Hurbain (Philo)","https://johnson-lee-v0.github.io/LEGO-Collection/official/42083/MODEL-CREDITS.md"
"64781.dat","0","1","Philippe Hurbain (Philo)","https://johnson-lee-v0.github.io/LEGO-Collection/official/42083/MODEL-CREDITS.md"
"64782.dat","0","2","Philippe Hurbain (Philo)","https://johnson-lee-v0.github.io/LEGO-Collection/official/42083/MODEL-CREDITS.md"
"64799.dat","0","1","Philippe Hurbain (Philo)","https://johnson-lee-v0.github.io/LEGO-Collection/official/42083/MODEL-CREDITS.md"
"6536.dat","71","29","Philippe Hurbain (Philo)","https://johnson-lee-v0.github.io/LEGO-Collection/official/42083/MODEL-CREDITS.md"
"6558.dat","1","432","Philippe Hurbain (Philo)","https://johnson-lee-v0.github.io/LEGO-Collection/official/42083/MODEL-CREDITS.md"
"6589.dat","19","7","Philippe Hurbain (Philo)","https://johnson-lee-v0.github.io/LEGO-Collection/official/42083/MODEL-CREDITS.md"
"6628.dat","0","23","Philippe Hurbain (Philo)","https://johnson-lee-v0.github.io/LEGO-Collection/official/42083/MODEL-CREDITS.md"
"6629.dat","0","16","Philippe Hurbain (Philo)","https://johnson-lee-v0.github.io/LEGO-Collection/official/42083/MODEL-CREDITS.md"
"6629.dat","272","6","Philippe Hurbain (Philo)","https://johnson-lee-v0.github.io/LEGO-Collection/official/42083/MODEL-CREDITS.md"
"6636.dat","71","2","Philippe Hurbain (Philo)","https://johnson-lee-v0.github.io/LEGO-Collection/official/42083/MODEL-CREDITS.md"
"6636.dat","321","2","Philippe Hurbain (Philo)","https://johnson-lee-v0.github.io/LEGO-Collection/official/42083/MODEL-CREDITS.md"
"6641.dat","4","1","Philippe Hurbain (Philo)","https://johnson-lee-v0.github.io/LEGO-Collection/official/42083/MODEL-CREDITS.md"
"74695.dat","0","46","Philippe Hurbain (Philo)","https://johnson-lee-v0.github.io/LEGO-Collection/official/42083/MODEL-CREDITS.md"
"74695.dat","272","22","Philippe Hurbain (Philo)","https://johnson-lee-v0.github.io/LEGO-Collection/official/42083/MODEL-CREDITS.md"
"76244.dat","15","1","Philippe Hurbain (Philo)","https://johnson-lee-v0.github.io/LEGO-Collection/official/42083/MODEL-CREDITS.md"
"76260.dat","71","2","Philippe Hurbain (Philo)","https://johnson-lee-v0.github.io/LEGO-Collection/official/42083/MODEL-CREDITS.md"
"85984.dat","72","9","Philippe Hurbain (Philo)","https://johnson-lee-v0.github.io/LEGO-Collection/official/42083/MODEL-CREDITS.md"
"87080.dat","0","1","Philippe Hurbain (Philo)","https://johnson-lee-v0.github.io/LEGO-Collection/official/42083/MODEL-CREDITS.md"
"87080.dat","272","1","Philippe Hurbain (Philo)","https://johnson-lee-v0.github.io/LEGO-Collection/official/42083/MODEL-CREDITS.md"
"87080.dat","321","2","Philippe Hurbain (Philo)","https://johnson-lee-v0.github.io/LEGO-Collection/official/42083/MODEL-CREDITS.md"
"87082.dat","71","9","Philippe Hurbain (Philo)","https://johnson-lee-v0.github.io/LEGO-Collection/official/42083/MODEL-CREDITS.md"
"87083.dat","72","17","Philippe Hurbain (Philo)","https://johnson-lee-v0.github.io/LEGO-Collection/official/42083/MODEL-CREDITS.md"
"87086.dat","0","1","Philippe Hurbain (Philo)","https://johnson-lee-v0.github.io/LEGO-Collection/official/42083/MODEL-CREDITS.md"
"87086.dat","272","1","Philippe Hurbain (Philo)","https://johnson-lee-v0.github.io/LEGO-Collection/official/42083/MODEL-CREDITS.md"
"87086.dat","321","2","Philippe Hurbain (Philo)","https://johnson-lee-v0.github.io/LEGO-Collection/official/42083/MODEL-CREDITS.md"
"87408.dat","0","1","Philippe Hurbain (Philo)","https://johnson-lee-v0.github.io/LEGO-Collection/official/42083/MODEL-CREDITS.md"
"87994.dat","71","4","Philippe Hurbain (Philo)","https://johnson-lee-v0.github.io/LEGO-Collection/official/42083/MODEL-CREDITS.md"
"92907.dat","1","4","Philippe Hurbain (Philo)","https://johnson-lee-v0.github.io/LEGO-Collection/official/42083/MODEL-CREDITS.md"
"93273.dat","0","1","Philippe Hurbain (Philo)","https://johnson-lee-v0.github.io/LEGO-Collection/official/42083/MODEL-CREDITS.md"
"93273.dat","28","1","Philippe Hurbain (Philo)","https://johnson-lee-v0.github.io/LEGO-Collection/official/42083/MODEL-CREDITS.md"
"93273.dat","72","4","Philippe Hurbain (Philo)","https://johnson-lee-v0.github.io/LEGO-Collection/official/42083/MODEL-CREDITS.md"
"93609.dat","72","4","Philippe Hurbain (Philo)","https://johnson-lee-v0.github.io/LEGO-Collection/official/42083/MODEL-CREDITS.md"
"94925.dat","71","16","Philippe Hurbain (Philo)","https://johnson-lee-v0.github.io/LEGO-Collection/official/42083/MODEL-CREDITS.md"
"98138.dat","27","2","Philippe Hurbain (Philo)","https://johnson-lee-v0.github.io/LEGO-Collection/official/42083/MODEL-CREDITS.md"
"99008.dat","19","9","Philippe Hurbain (Philo)","https://johnson-lee-v0.github.io/LEGO-Collection/official/42083/MODEL-CREDITS.md"
"99206.dat","0","1","Philippe Hurbain (Philo)","https://johnson-lee-v0.github.io/LEGO-Collection/official/42083/MODEL-CREDITS.md"
"99207.dat","0","2","Philippe Hurbain (Philo)","https://johnson-lee-v0.github.io/LEGO-Collection/official/42083/MODEL-CREDITS.md"
"99773.dat","71","4","Philippe Hurbain (Philo)","https://johnson-lee-v0.github.io/LEGO-Collection/official/42083/MODEL-CREDITS.md"